key,input,drug-likeness
OCGXPFSUJVHRHA-UHFFFAOYSA-N,CN(C)C(=O)c1ccc(cc1)OC,0.8079875707626343
QARBMVPHQWIHKH-UHFFFAOYSA-N,CS(=O)(=O)Cl,0.7789990305900574
YHQXBTXEYZIYOV-UHFFFAOYSA-N,CC(C)C=C,0.9581159353256226
KVFIJIWMDBAGDP-UHFFFAOYSA-N,CCc1cnccn1,0.7130829691886902
BBMCTIGTTCKYKF-UHFFFAOYSA-N,CCCCCCCO,0.8160300850868225
TUAMRELNJMMDMT-UHFFFAOYSA-N,Cc1cc(cc(c1)O)C,0.9669368863105774
ZFFMLCVRJBZUDZ-UHFFFAOYSA-N,CC(C)C(C)C,0.9924086332321167
WFRBDWRZVBPBDO-UHFFFAOYSA-N,CCCC(C)(C)O,0.8651431798934937
KVZJLSYJROEPSQ-OCAPTIKFSA-N,C[C@@H]1CCCC[C@@H]1C,0.9901019334793091
BTANRVKWQNVYAZ-BYPYZUCNSA-N,CC[C@H](C)O,0.9418133497238159
FJBFPHVGVWTDIP-UHFFFAOYSA-N,C(Br)Br,0.999710738658905
ISTJMQSHILQAEC-ZCFIWIBFSA-N,CC[C@H](C(C)C)O,0.8814078569412231
NRGGMCIBEHEAIL-UHFFFAOYSA-N,CCc1ccccn1,0.9350314140319824
ICMAFTSLXCXHRK-UHFFFAOYSA-N,CCCCC(=O)OCC,0.5743322372436523
RMVRSNDYEFQCLF-UHFFFAOYSA-N,c1ccc(cc1)S,0.962372362613678
GLZPCOQZEFWAFX-YFHOEESVSA-N,CC(=CCC/C(=C\CO)/C)C,0.8110634088516235
PQNFLJBBNBOBRQ-UHFFFAOYSA-N,c1ccc2c(c1)CCC2,0.14359734952449799
DLRJIFUOBPOJNS-UHFFFAOYSA-N,CCOc1ccccc1,0.9230576753616333
GZFGOTFRPZRKDS-UHFFFAOYSA-N,c1cc(ccc1O)Br,0.9733083844184875
CXOWYJMDMMMMJO-UHFFFAOYSA-N,CCCC(C)(C)C,0.9052891135215759
JTXMVXSTHSMVQF-UHFFFAOYSA-N,CC(=O)OCCOC(=O)C,0.9719080924987793
RIZMRRKBZQXFOY-UHFFFAOYSA-N,CCOP(=S)(OCC)SCSP(=S)(OCC)OCC,0.8427428007125854
QCRFMSUKWRQZEM-UHFFFAOYSA-N,C1CCCC(CC1)O,0.3757060766220093
PKAHQJNJPDVTDP-UHFFFAOYSA-N,COC(=O)C1CC1,0.7434321641921997
JFDZBHWFFUWGJE-UHFFFAOYSA-N,c1ccc(cc1)C#N,0.9910637140274048
RFFFKMOABOFIDF-UHFFFAOYSA-N,CCCCC#N,0.9744392037391663
DKGAVHZHDRPRBM-UHFFFAOYSA-N,CC(C)(C)O,1.0
HXVNBWAKAOHACI-UHFFFAOYSA-N,CC(C)C(=O)C(C)C,0.9779455661773682
NBBJYMSMWIIQGU-UHFFFAOYSA-N,CCC=O,0.23847709596157074
ZMXDDKWLCZADIW-UHFFFAOYSA-N,CN(C)C=O,0.8140697479248047
URLKBWYHVLBVBO-UHFFFAOYSA-N,Cc1ccc(cc1)C,0.8828746676445007
QYZLKGVUSQXAMU-UHFFFAOYSA-N,C=CCC=C,0.19423536956310272
HYYBABOKPJLUIN-UHFFFAOYSA-N,Cc1cccc(c1C)Nc2ccccc2C(=O)O,0.9726222157478333
IMNDHOCGZLYMRO-UHFFFAOYSA-N,CN(C)C(=O)c1ccccc1,0.7791389226913452
HPNMFZURTQLUMO-UHFFFAOYSA-N,CCNCC,0.8134889602661133
QHPQWRBYOIRBIT-UHFFFAOYSA-N,CC(C)(C)c1ccc(cc1)O,0.9969993829727173
XKYICAQFSCFURC-UHFFFAOYSA-N,CC(C)CCOC=O,0.7761427760124207
MWKFXSUHUHTGQN-UHFFFAOYSA-N,CCCCCCCCCCO,0.5234183669090271
FKRCODPIKNYEAC-UHFFFAOYSA-N,CCC(=O)OCC,0.7132207155227661
BKIMMITUMNQMOS-UHFFFAOYSA-N,CCCCCCCCC,0.873422384262085
OHLUUHNLEMFGTQ-UHFFFAOYSA-N,CC(=O)NC,0.6833216547966003
JRZJOMJEPLMPRA-UHFFFAOYSA-N,CCCCCCCC=C,0.5977885723114014
JWAZRIHNYRIHIV-UHFFFAOYSA-N,c1ccc2cc(ccc2c1)O,0.9794378280639648
PBKONEOXTCPAFI-UHFFFAOYSA-N,c1cc(c(cc1Cl)Cl)Cl,0.96366947889328
FBPFZTCFMRRESA-KVTDHHQDSA-N,C([C@H]([C@H]([C@@H]([C@@H](CO)O)O)O)O)O,0.21944567561149597
UUIQMZJEGPQKFD-UHFFFAOYSA-N,CCCC(=O)OC,0.3680741786956787
SMQUZDBALVYZAC-UHFFFAOYSA-N,c1ccc(c(c1)C=O)O,0.7170050740242004
HONIICLYMWZJFZ-UHFFFAOYSA-N,C1CNC1,0.6661248803138733
WEHWNAOGRSTTBQ-UHFFFAOYSA-N,CCCNCCC,0.969971239566803
PAYRUJLWNCNPSJ-UHFFFAOYSA-N,c1ccc(cc1)N,0.9689419269561768
TXEYQDLBPFQVAA-UHFFFAOYSA-N,C(F)(F)(F)F,1.0
QPRQEDXDYOZYLA-RXMQYKEDSA-N,CC[C@@H](C)CO,0.846396267414093
KQDJTBPASNJQFQ-UHFFFAOYSA-N,c1ccc(c(c1)O)I,0.9980745315551758
KLIDCXVFHGNTTM-UHFFFAOYSA-N,COc1cccc(c1O)OC,0.6534726023674011
KDKYADYSIPSCCQ-UHFFFAOYSA-N,CCC#C,0.946982741355896
GETTZEONDQJALK-UHFFFAOYSA-N,c1ccc(cc1)C(F)(F)F,0.7285928726196289
OAKJQQAXSVQMHS-UHFFFAOYSA-N,NN,0.9848558306694031
BSKHPKMHTQYZBB-UHFFFAOYSA-N,Cc1ccccn1,0.3003997504711151
ODCWYMIRDDJXKW-UHFFFAOYSA-N,CCNc1nc(nc(n1)Cl)NCC,0.069830022752285
YCIYTXRUZSDMRZ-UHFFFAOYSA-N,c1ccc2c(c1)Oc3cc(c(cc3O2)Cl)Cl,0.9545953869819641
IOQPZZOEVPZRBK-UHFFFAOYSA-N,CCCCCCCCN,0.22162950038909912
QGZKDVFQNNGYKY-UHFFFAOYSA-N,N,0.4354175627231598
XXZOEDQFGXTEAD-UHFFFAOYSA-N,c1ccc(c(c1)C(F)(F)F)C(F)(F)F,0.6648125052452087
LXCFILQKKLGQFO-UHFFFAOYSA-N,COC(=O)c1ccc(cc1)O,0.8832476139068604
PWATWSYOIIXYMA-UHFFFAOYSA-N,CCCCCc1ccccc1,0.3132231831550598
NPNPZTNLOVBDOC-UHFFFAOYSA-N,CC(F)F,0.9584669470787048
WYKYKTKDBLFHCY-UHFFFAOYSA-N,c1ccc(cc1)n2c(=O)c(c(cn2)N)Cl,0.9597412943840027
KAKZBPTYRLMSJV-UHFFFAOYSA-N,C=CC=C,0.9597298502922058
GETQZCLCWQTVFV-UHFFFAOYSA-N,CN(C)C,1.0
ALBYIUDWACNRRB-UHFFFAOYSA-N,CCCCCC(=O)N,0.9490287899971008
LNNXFUZKZLXPOF-UHFFFAOYSA-N,CC(C)CO[N+](=O)[O-],0.9270118474960327
DQIHOZJLTDMMSG-UHFFFAOYSA-N,c1ccc2c(c1)C(=O)c3cccc(c3C2=O)NCCO,0.724970281124115
HTKIMWYSDZQQBP-UHFFFAOYSA-N,C(CO[N+](=O)[O-])O,0.1560150533914566
ZPVFWPFBNIEHGJ-UHFFFAOYSA-N,CCCCCCC(=O)C,0.5728159546852112
PVOAHINGSUIXLS-UHFFFAOYSA-N,CN1CCNCC1,0.7699960470199585
QUSNBJAOOMFDIB-UHFFFAOYSA-N,CCN,0.9925506114959717
CHVJITGCYZJHLR-UHFFFAOYSA-N,C1C=CC=CC=C1,0.814918041229248
WPDAVTSOEQEGMS-UHFFFAOYSA-N,c1ccc2c(c1)Cc3ccccc3C2,0.7834155559539795
SCYULBFZEHDVBN-UHFFFAOYSA-N,CC(Cl)Cl,0.9930604696273804
ASHGTJPOSUFTGB-UHFFFAOYSA-N,COc1cccc(c1)O,0.880778431892395
CWRYPZZKDGJXCA-UHFFFAOYSA-N,c1cc2cccc3c2c(c1)CC3,0.025400782003998756
VMKOFRJSULQZRM-UHFFFAOYSA-N,CCCCCCCCBr,0.9778546094894409
WVDDGKGOMKODPV-UHFFFAOYSA-N,c1ccc(cc1)CO,0.9521914720535278
LQLQRFGHAALLLE-UHFFFAOYSA-N,c1c(c(=O)[nH]c(=O)[nH]1)Br,0.9835260510444641
IJDNQMDRQITEOD-UHFFFAOYSA-N,CCCC,0.99089115858078
NEHMKBQYUWJMIP-UHFFFAOYSA-N,CCl,0.9625540971755981
HLVFKOKELQSXIQ-UHFFFAOYSA-N,CC(C)CBr,0.8516625761985779
XYWDPYKBIRQXQS-UHFFFAOYSA-N,CC(C)SC(C)C,0.9250832796096802
IMNFDUFMRHMDMM-UHFFFAOYSA-N,CCCCCCC,0.9854780435562134
RAXXELZNTBOGNW-UHFFFAOYSA-N,c1cnc[nH]1,0.9683724641799927
SKGXYFVQZVPEFP-UHFFFAOYSA-N,c1cc2c(cc1Cl)Oc3cc(c(c(c3O2)Cl)Cl)Cl,0.8183314204216003
CTSLUCNDVMMDHG-YFKPBYRVSA-N,CC[C@H](C)n1c(=O)c(c([nH]c1=O)C)Br,0.8663923144340515
NZZFYRREKKOMAT-UHFFFAOYSA-N,C(I)I,0.9999221563339233
OKUGPJPKMAEJOE-UHFFFAOYSA-N,CCCN(CCC)C(=O)SCCC,0.8734879493713379
LYGJENNIWJXYER-UHFFFAOYSA-N,C[N+](=O)[O-],0.9629322290420532
XOBKSJJDNFUZPF-UHFFFAOYSA-N,CCOC,0.9846280813217163
NPEIUNVTLXEOLT-UHFFFAOYSA-N,COC(CCl)(OC)OC,0.874717652797699
NNPPMTNAJDCUHE-UHFFFAOYSA-N,CC(C)C,0.5089110136032104
GWYFCOCPABKNJV-UHFFFAOYSA-N,CC(C)CC(=O)O,0.5999098420143127
FSAVDKDHPDSCTO-XYOKQWHBSA-N,CCOP(=O)(OCC)O/C(=C/Cl)/c1ccc(cc1Cl)Cl,0.08213295042514801
SNMVRZFUUCLYTO-UHFFFAOYSA-N,CCCCl,0.7939211130142212
ZERULLAPCVRMCO-UHFFFAOYSA-N,CCCSCCC,0.9990440011024475
ZOCHHNOQQHDWHG-LURJTMIESA-N,CCC[C@H](CC)O,0.9596534371376038
WEVYAHXRMPXWCK-UHFFFAOYSA-N,CC#N,0.9889540672302246
LRYFQZBTUIVNRC-UHFFFAOYSA-N,CN(CC(F)(F)F)c1ccccc1,0.9242597222328186
PIWKPBJCKXDKJR-SFOWXEAESA-N,[C@@H](C(F)(F)F)(OC(F)F)Cl,0.9897027611732483
PYGSKMBEVAICCR-UHFFFAOYSA-N,C=CCCC=C,0.0816277489066124
IVSZLXZYQVIEFR-UHFFFAOYSA-N,Cc1cccc(c1)C,0.9914495348930359
KXKVLQRXCPHEJC-UHFFFAOYSA-N,CC(=O)OC,0.887130081653595
IECKAVQTURBPON-UHFFFAOYSA-N,COC(c1ccccc1)(OC)OC,0.8655093312263489
MTZQAGJQAFMTAQ-UHFFFAOYSA-N,CCOC(=O)c1ccccc1,0.8613147735595703
SUVIGLJNEAMWEG-UHFFFAOYSA-N,CCCS,1.0
CATSNJVOTSVZJV-UHFFFAOYSA-N,CCCCCC(=O)C,0.9256548285484314
DUEPRVBVGDRKAG-UHFFFAOYSA-N,CC1(Cc2cccc(c2O1)OC(=O)NC)C,0.8942010998725891
AGEZXYOZHKGVCM-UHFFFAOYSA-N,c1ccc(cc1)CBr,0.7985988259315491
SHZIWNPUGXLXDT-UHFFFAOYSA-N,CCCCCC(=O)OCC,0.9479949474334717
VNKYTQGIUYNRMY-UHFFFAOYSA-N,CCCOC,0.9910616874694824
SJRJJKPEHAURKC-UHFFFAOYSA-N,CN1CCOCC1,0.8999475240707397
SGHBRHKBCLLVCI-UHFFFAOYSA-N,c1cc(cc(c1)O)C#N,0.2046351432800293
ZAGRQXMWMRUYRB-UHFFFAOYSA-N,c1cc(c(cc1c2c(c(cc(c2Cl)Cl)Cl)Cl)Cl)Cl,0.5551795959472656
ODLMAHJVESYWTB-UHFFFAOYSA-N,CCCc1ccccc1,0.798920750617981
RYYVLZVUVIJVGH-UHFFFAOYSA-N,Cn1cnc2c1c(=O)n(c(=O)n2C)C,0.9688575267791748
ROSDSFDQCJNGOL-UHFFFAOYSA-N,CNC,0.9932729005813599
HCDGVLDPFQMKDK-UHFFFAOYSA-N,C(=C(F)F)(C(F)(F)F)F,0.9991949200630188
WXNZTHHGJRFXKQ-UHFFFAOYSA-N,c1cc(ccc1O)Cl,0.6513004899024963
NQRYJNQNLNOLGT-UHFFFAOYSA-N,C1CCNCC1,0.9316245913505554
YNPNZTXNASCQKK-UHFFFAOYSA-N,c1ccc2c(c1)ccc3c2cccc3,0.8354957699775696
INQOMBQAUSQDDS-UHFFFAOYSA-N,CI,0.9714052677154541
IDKMFABKPPHDBI-UHFFFAOYSA-N,COc1c(cc(c(c1O)OC)Cl)Cl,0.22654293477535248
KFUSEUYYWQURPO-OWOJBTEDSA-N,C(=C/Cl)\Cl,0.7121313214302063
OFBQJSOFQDEBGM-UHFFFAOYSA-N,CCCCC,0.9993316531181335
KVNRLNFWIYMESJ-UHFFFAOYSA-N,CCCC#N,0.9587200880050659
RZXZIZDRFQFCTA-SFOWXEAESA-N,[C@@H](C(F)(F)F)(F)Br,0.21789319813251495
YAIMUUJMEBJXAA-UHFFFAOYSA-N,CC(C)Cc1cnccn1,0.9974707365036011
DYONNFFVDNILGI-BYPYZUCNSA-N,CC[C@H](C)O[N+](=O)[O-],0.9651060104370117
KKQWHYGECTYFIA-UHFFFAOYSA-N,c1ccc(cc1)c2cc(ccc2Cl)Cl,0.7066034078598022
HLQDGCWIOSOMDP-UHFFFAOYSA-N,c1ccc(cc1)c2cc(c(c(c2Cl)Cl)Cl)Cl,0.9216647148132324
WGECXQBGLLYSFP-SSDOTTSWSA-N,CC[C@@H](C)C(C)C,0.9421429634094238
WVYWICLMDOOCFB-ZCFIWIBFSA-N,C[C@H](CC(C)C)O,0.7921410799026489
DHXVGJBLRPWPCS-UHFFFAOYSA-N,C1CCOCC1,0.9204062223434448
LVZWSLJZHVFIQJ-UHFFFAOYSA-N,C1CC1,0.9344831109046936
XUAWBXBYHDRROL-UHFFFAOYSA-N,c1c(cc(c(c1Cl)Cl)Cl)c2cc(c(c(c2Cl)Cl)Cl)Cl,0.989470362663269
LGXVIGDEPROXKC-UHFFFAOYSA-N,C=C(Cl)Cl,0.950272262096405
ZXEKIIBDNHEJCQ-UHFFFAOYSA-N,CC(C)CO,0.1571837067604065
MCSINKKTEDDPNK-UHFFFAOYSA-N,CCCOC(=O)CC,0.8685149550437927
VHHHONWQHHHLTI-UHFFFAOYSA-N,C(C(Cl)(Cl)Cl)(Cl)(Cl)Cl,0.6979492902755737
HNKJADCVZUBCPG-UHFFFAOYSA-N,CSc1ccccc1,0.9537107348442078
IXQGCWUGDFDQMF-UHFFFAOYSA-N,CCc1ccccc1O,0.945875346660614
NBRKLOOSMBRFMH-UHFFFAOYSA-N,CC(C)(C)Cl,0.008079685270786285
RRHGJUQNOFWUDK-UHFFFAOYSA-N,CC(=C)C=C,0.4891700744628906
HFPZCAJZSCWRBC-UHFFFAOYSA-N,Cc1ccc(cc1)C(C)C,0.9888549447059631
MCTWTZJPVLRJOU-UHFFFAOYSA-N,Cn1ccnc1,0.9992327690124512
LYCAIKOWRPUZTN-UHFFFAOYSA-N,C(CO)O,0.017637768760323524
RFFLAFLAYFXFSW-UHFFFAOYSA-N,c1ccc(c(c1)Cl)Cl,0.9467329978942871
PKUFNWPSFCOSLU-UHFFFAOYSA-N,c1c(=O)[nH]c(=O)[nH]c1Cl,0.978257417678833
KFNNIILCVOLYIR-UHFFFAOYSA-N,CCCOC=O,0.9517227411270142
GIUGGRUEPHPVNR-UHFFFAOYSA-N,c1ccc2c(c1)Oc3ccc(cc3O2)Cl,0.9498186111450195
FUZZWVXGSFPDMH-UHFFFAOYSA-N,CCCCCC(=O)O,0.6435601115226746
DKMROQRQHGEIOW-UHFFFAOYSA-N,CCOC(=O)CCC(=O)OCC,0.8876795172691345
JYYNAJVZFGKDEQ-UHFFFAOYSA-N,Cc1ccnc(c1)C,0.9953952431678772
HGCIXCUEYOPUTN-UHFFFAOYSA-N,C1CCC=CC1,0.9992355108261108
RXYPXQSKLGGKOL-UHFFFAOYSA-N,CN1CCN(CC1)C,0.12711389362812042
LCXMEXLGMKFLQO-UHFFFAOYSA-N,c1cc(c(cc1c2cc(c(c(c2Cl)Cl)Cl)Cl)Cl)Cl,0.7051636576652527
AZQWKYJCGOJGHM-UHFFFAOYSA-N,C1=CC(=O)C=CC1=O,0.36824074387550354
QABLOFMHHSOFRJ-UHFFFAOYSA-N,COC(=O)CCl,0.9293929934501648
ZTQSAGDEMFDKMZ-UHFFFAOYSA-N,CCCC=O,0.9858783483505249
YNQLUTRBYVCPMQ-UHFFFAOYSA-N,CCc1ccccc1,0.7117903232574463
XSTXAVWGXDQKEL-UHFFFAOYSA-N,C(=C(Cl)Cl)Cl,0.7769224643707275
ZMANZCXQSJIPKH-UHFFFAOYSA-N,CCN(CC)CC,0.9966793060302734
WRNGAZFESPEMCN-UHFFFAOYSA-N,c1cc2c(cc1Cl)Oc3c(c(c(c(c3Cl)Cl)Cl)Cl)O2,0.9294718503952026
NURQLCJSMXZBPC-UHFFFAOYSA-N,Cc1ccncc1C,0.9962989687919617
ZFSLODLOARCGLH-UHFFFAOYSA-N,c1(=O)[nH]c(=O)[nH]c(=O)[nH]1,0.9996649026870728
HUMNYLRZRPPJDN-UHFFFAOYSA-N,c1ccc(cc1)C=O,0.9868284463882446
OKDGRDCXVWSXDC-UHFFFAOYSA-N,c1ccnc(c1)Cl,0.8682284355163574
OSDWBNJEKMUWAV-UHFFFAOYSA-N,C=CCCl,0.9805628061294556
GNKZMNRKLCTJAY-UHFFFAOYSA-N,Cc1ccc(cc1)C(=O)C,0.7987679839134216
WSFSSNUMVMOOMR-UHFFFAOYSA-N,C=O,0.9992967844009399
IBSQPLPBRSHTTG-UHFFFAOYSA-N,Cc1ccccc1Cl,0.93909752368927
LNWWQYYLZVZXKS-UHFFFAOYSA-N,CC(=O)N1CCCC1,0.5640530586242676
HDPNBNXLBDFELL-UHFFFAOYSA-N,CC(OC)(OC)OC,0.32246774435043335
OCKPCBLVNKHBMX-UHFFFAOYSA-N,CCCCc1ccccc1,0.9973030090332031
JLTDJTHDQAWBAV-UHFFFAOYSA-N,CN(C)c1ccccc1,0.8204848766326904
RMGHERXMTMUMMV-UHFFFAOYSA-N,CC(C)OC,0.8620321154594421
FOIBFBMSLDGNHL-UHFFFAOYSA-N,c12c(c(c(c(c1Cl)Cl)Cl)Cl)Oc3c(c(c(c(c3Cl)Cl)Cl)Cl)O2,0.7178571820259094
ONXPZLFXDMAPRO-UHFFFAOYSA-N,c1(c(c(c(c(c1Cl)Cl)Cl)Cl)Cl)c2c(c(c(c(c2Cl)Cl)Cl)Cl)Cl,0.9775397777557373
UBOXGVDOUJQMTN-UHFFFAOYSA-N,C(C(Cl)Cl)Cl,0.9673181176185608
AFBPFSWMIHJQDM-UHFFFAOYSA-N,CNc1ccccc1,0.43965092301368713
JMMWKPVZQRWMSS-UHFFFAOYSA-N,CC(C)OC(=O)C,0.777839720249176
UHOVQNZJYSORNB-UHFFFAOYSA-N,c1ccccc1,0.9997847676277161
RELMFMZEBKVZJC-UHFFFAOYSA-N,c1cc(c(c(c1)Cl)Cl)Cl,0.09113961458206177
VEDTXTNSFWUXGQ-UHFFFAOYSA-N,CCOP(=S)(OCC)SCSc1ccc(cc1)Cl,0.9498409628868103
CJJOSEISRRTUQB-UHFFFAOYSA-N,COP(=S)(OC)SCn1c(=O)c2ccccc2nn1,0.5802513360977173
HRVUKLBFRPWXPJ-UHFFFAOYSA-N,c1ccc2c(c1)Oc3c(cc(c(c3O2)Cl)Cl)Cl,0.8122103214263916
SDJHPPZKZZWAKF-UHFFFAOYSA-N,CC(=C)C(=C)C,0.9996019005775452
LIKMAJRDDDTEIG-UHFFFAOYSA-N,CCCCC=C,0.8520455360412598
RWSOTUBLDIXVET-UHFFFAOYSA-N,S,0.2833714187145233
RTZKZFJDLAIYFH-UHFFFAOYSA-N,CCOCC,0.6208862066268921
RQVYBGPQFYCBGX-UHFFFAOYSA-N,CCNc1nc(nc(n1)SC)NC(C)C,0.9400684833526611
QFOHBWFCKVYLES-UHFFFAOYSA-N,CCCCOC(=O)c1ccc(cc1)O,0.896871030330658
AOGQPLXWSUTHQB-UHFFFAOYSA-N,CCCCCCOC(=O)C,0.877771258354187
BGTOWKSIORTVQH-UHFFFAOYSA-N,C1CCC(=O)C1,0.07642028480768204
NQPDZGIKBAWPEJ-UHFFFAOYSA-N,CCCCC(=O)O,0.6852970123291016
RDHPKYGYEGBMSE-UHFFFAOYSA-N,CCBr,0.025307193398475647
YGYNBBAUIYTWBF-UHFFFAOYSA-N,Cc1ccc2cc(ccc2c1)C,0.05280787870287895
ZSIAUFGUXNUGDI-UHFFFAOYSA-N,CCCCCCO,0.36218786239624023
LAXBNTIAOJWAOP-UHFFFAOYSA-N,c1ccc(cc1)c2ccccc2Cl,0.12537755072116852
CTMHWPIWNRWQEG-UHFFFAOYSA-N,CC1=CCCCC1,0.013099356554448605
AGDYNDJUZRMYRG-UHFFFAOYSA-N,CCCCCCO[N+](=O)[O-],0.12190479785203934
DIKBFYAXUHHXCS-UHFFFAOYSA-N,C(Br)(Br)Br,0.11417830735445023
HXDOZKJGKXYMEW-UHFFFAOYSA-N,CCc1ccc(cc1)O,0.3349498212337494
YEYKMVJDLWJFOA-UHFFFAOYSA-N,CCCOCCO,0.463074654340744
GEOWCLRLLWTHDN-UHFFFAOYSA-N,c1ccc(cc1)OC=O,0.21095037460327148
KSNXJLQDQOIRIP-UHFFFAOYSA-N,c1c(c(=O)[nH]c(=O)[nH]1)I,0.0013352965470403433
FERIUCNNQQJTOY-UHFFFAOYSA-N,CCCC(=O)O,0.1976766437292099
YOPRCDRCWXCAMG-UHFFFAOYSA-N,COC(C(F)(F)F)(OC)OC,0.24913673102855682
SRBFZHDQGSBBOR-LECHCGJUSA-N,C1[C@H]([C@@H]([C@H]([C@H](O1)O)O)O)O,0.004174107685685158
RJCQBQGAPKAMLL-UHFFFAOYSA-N,C(F)(F)(F)Br,2.137767220189435e-11
LRHPLDYGYMQRHN-UHFFFAOYSA-N,CCCCO,0.9644825458526611
PYLWMHQQBFSUBP-UHFFFAOYSA-N,c1ccc(cc1)F,0.6203504204750061
XEKOWRVHYACXOJ-UHFFFAOYSA-N,CCOC(=O)C,0.9380914568901062
RXGUIWHIADMCFC-UHFFFAOYSA-N,CC(C)COC(=O)C(C)C,0.6151322722434998
BZLVMXJERCGZMT-UHFFFAOYSA-N,CC(C)(C)OC,0.07562818378210068
FRCCEHPWNOQAEU-LDSHLKOWSA-N,C1=C[C@@H]([C@@H]2[C@H]1[C@@]3(C(=C([C@]2(C3(Cl)Cl)Cl)Cl)Cl)Cl)Cl,0.021502893418073654
FDPIMTJIUBPUKL-UHFFFAOYSA-N,CCC(=O)CC,0.2448924034833908
VMVNZNXAVJHNDJ-UHFFFAOYSA-N,COC(=O)C(F)(F)F,0.7725099325180054
UFWIBTONFRDIAS-UHFFFAOYSA-N,c1ccc2ccccc2c1,0.010319076478481293
RMPWIIKNWPVWNG-UHFFFAOYSA-N,c1cc(c(c(c1c2cc(c(c(c2Cl)Cl)Cl)Cl)Cl)Cl)Cl,0.1938236504793167
BSYNRYMUTXBXSQ-UHFFFAOYSA-N,CC(=O)Oc1ccccc1C(=O)O,0.4865524470806122
PJGSXYOJTGTZAV-UHFFFAOYSA-N,CC(=O)C(C)(C)C,0.8254814147949219
MBABOKRGFJTBAE-UHFFFAOYSA-N,COS(=O)(=O)C,0.06623692810535431
VJXRKZJMGVSXPX-UHFFFAOYSA-N,CCc1ccncc1,0.9888719916343689
UAOMVDZJSHZZME-UHFFFAOYSA-N,CC(C)NC(C)C,0.23869746923446655
NBFMTHWVRBOVPE-UHFFFAOYSA-N,c1cc2c(cc1Cl)Oc3ccc(cc3O2)Cl,0.3057364523410797
WJYIASZWHGOTOU-UHFFFAOYSA-N,CCCCCCCN,0.07780607044696808
GDOPTJXRTPNYNR-UHFFFAOYSA-N,CC1CCCC1,0.19778437912464142
ATUOYWHBWRKTHZ-UHFFFAOYSA-N,CCC,0.06833165138959885
JWUJQDFVADABEY-YFKPBYRVSA-N,C[C@H]1CCCO1,0.05554741621017456
CVXBEEMKQHEXEN-UHFFFAOYSA-N,CNC(=O)Oc1cccc2c1cccc2,0.335872620344162
IAVREABSGIHHMO-UHFFFAOYSA-N,c1cc(cc(c1)O)C=O,0.7465176582336426
MWPLVEDNUUSJAV-UHFFFAOYSA-N,c1ccc2cc3ccccc3cc2c1,0.053970806300640106
YMWUJEATGCHHMB-UHFFFAOYSA-N,C(Cl)Cl,0.09152552485466003
CNMFHDIDIMZHKY-UHFFFAOYSA-N,CC(C)(C)C(=O)OC,0.08542056381702423
LFHISGNCFUNFFM-UHFFFAOYSA-N,C([N+](=O)[O-])(Cl)(Cl)Cl,0.023562338203191757
HXJUTPCZVOIRIF-UHFFFAOYSA-N,C1CC[S+2](C1)([O-])[O-],0.07265005260705948
NXXYKOUNUYWIHA-UHFFFAOYSA-N,Cc1cccc(c1O)C,0.21989001333713531
RLSSMJSEOOYNOY-UHFFFAOYSA-N,Cc1cccc(c1)O,0.6141037344932556
AQXYVFBSOOBBQV-UHFFFAOYSA-N,c1ccc2c(c1)C(=O)c3c(ccc(c3C2=O)O)N,0.5645122528076172
FBMQNRKSAWNXBT-UHFFFAOYSA-N,c1ccc2c(c1)C(=O)c3c(ccc(c3C2=O)N)N,0.44931894540786743
VKCYHJWLYTUGCC-UHFFFAOYSA-N,CCCCCCCC(=O)C,0.6009443998336792
HQABUPZFAYXKJW-UHFFFAOYSA-N,CCCCN,0.2946917414665222
OBNCKNCVKJNDBV-UHFFFAOYSA-N,CCCC(=O)OCC,0.06529749929904938
RZXMPPFPUUCRFN-UHFFFAOYSA-N,Cc1ccc(cc1)N,0.6528522372245789
ANOOTOPTCJRUPK-UHFFFAOYSA-N,CCCCCCI,0.0009287816938012838
AJDIZQLSFPQPEY-UHFFFAOYSA-N,C(C(F)(Cl)Cl)(F)(F)Cl,0.428356796503067
WVLBCYQITXONBZ-UHFFFAOYSA-N,COP(=O)(OC)OC,0.0002968667831737548
ZPQOPVIELGIULI-UHFFFAOYSA-N,c1cc(cc(c1)Cl)Cl,0.47587457299232483
QHJMFSMPSZREIF-UHFFFAOYSA-N,Cc1cc(c2ccccc2c1)C,0.372928261756897
AFABGHUZZDYHJO-UHFFFAOYSA-N,CCCC(C)C,0.02984197996556759
SBPBAQFWLVIOKP-UHFFFAOYSA-N,CCOP(=S)(OCC)Oc1c(cc(c(n1)Cl)Cl)Cl,0.17171677947044373
CYXIKYKBLDZZNW-UHFFFAOYSA-N,C(C(F)(F)F)Cl,0.793660581111908
VGGSQFUCUMXWEO-UHFFFAOYSA-N,C=C,0.042422253638505936
BLXSFCHWMBESKV-UHFFFAOYSA-N,CCCCCI,0.014972705394029617
PYOKUURKVVELLB-UHFFFAOYSA-N,COC(OC)OC,0.8997547626495361
DIOQZVSQGTUSAI-UHFFFAOYSA-N,CCCCCCCCCC,0.0006224659737199545
PSXCGTLGGVDWFU-VKHMYHEASA-N,C[C@@H](CO[N+](=O)[O-])O[N+](=O)[O-],0.26844242215156555
QQONPFPTGQHPMA-UHFFFAOYSA-N,CC=C,0.07915189862251282
ZFRKQXVRDFCRJG-UHFFFAOYSA-N,Cc1c[nH]c2c1cccc2,0.18436306715011597
NFACJZMKEDPNKN-GSVOUGTGSA-N,COP(=O)([C@H](C(Cl)(Cl)Cl)O)OC,0.02782466821372509
XDTMQSROBMDMFD-UHFFFAOYSA-N,C1CCCCC1,0.5860741138458252
GLZPCOQZEFWAFX-JXMROGBWSA-N,CC(=CCC/C(=C/CO)/C)C,0.027371099218726158
RWGFKTVRMDUZSP-UHFFFAOYSA-N,CC(C)c1ccccc1,0.279352068901062
RLPGDEORIPLBNF-UHFFFAOYSA-N,CC(C)C(C)C(C)C,0.11283601075410843
SYBYTAAJFKOIEJ-UHFFFAOYSA-N,CC(C)C(=O)C,0.3371928036212921
JQVDAXLFBXTEQA-UHFFFAOYSA-N,CCCCNCCCC,0.03508910536766052
WQAQPCDUOCURKW-UHFFFAOYSA-N,CCCCS,0.2501964271068573
DJHHDLMTUOLVHY-UHFFFAOYSA-N,c1ccc2c(c1)Oc3c(c(c(c(c3Cl)Cl)Cl)Cl)O2,0.0616503469645977
CTFRWEPMHUGVMM-UHFFFAOYSA-N,COc1c(c(c(c(c1Cl)C=O)Cl)OC)O,0.7416267991065979
PAFZNILMFXTMIY-UHFFFAOYSA-N,C1CCC(CC1)N,0.8199414610862732
VOPWNXZWBYDODV-UHFFFAOYSA-N,C(F)(F)Cl,0.1331440806388855
YOJAHJGBFDPSDI-UHFFFAOYSA-N,COC(=O)c1ccc(cc1)[N+](=O)[O-],0.02269217185676098
WEGYGNROSJDEIW-UHFFFAOYSA-N,CC(=O)c1cccnc1,0.9221890568733215
MWWATHDPGQKSAR-UHFFFAOYSA-N,CC#C,0.003296819282695651
GYHFUZHODSMOHU-UHFFFAOYSA-N,CCCCCCCCC=O,0.3585362732410431
XBDQKXXYIPTUBI-UHFFFAOYSA-N,CCC(=O)O,0.43728694319725037
HEDRZPFGACZZDS-UHFFFAOYSA-N,C(Cl)(Cl)Cl,0.7209050059318542
FYGHSUNMUKGBRK-UHFFFAOYSA-N,Cc1cccc(c1C)C,0.08964286744594574
VNWKTOKETHGBQD-UHFFFAOYSA-N,C,0.00631038099527359
KCXMKQUNVWSEMD-UHFFFAOYSA-N,c1ccc(cc1)CCl,0.1894385665655136
UAEPNZWRGJTJPN-UHFFFAOYSA-N,CC1CCCCC1,0.3554012179374695
XQQBUAPQHNYYRS-UHFFFAOYSA-N,Cc1cccs1,0.687824547290802
JUJWROOIHBZHMG-UHFFFAOYSA-N,c1ccncc1,0.9712236523628235
VFWCMGCRMGJXDK-UHFFFAOYSA-N,CCCCCl,0.6632459759712219
OXMIDRBAFOEOQT-WDSKDSINSA-N,C[C@H]1CC[C@@H](O1)C,0.2661173343658447
PETRWTHZSKVLRE-UHFFFAOYSA-N,Cc1ccc(c(c1)OC)O,0.13429400324821472
ZGSMDJKPUKPXKQ-JWHHYFNFSA-N,C1[C@H]([C@@H]2[C@H]([C@H]1Cl)[C@]3(C(=C([C@@]2(C3(Cl)Cl)Cl)Cl)Cl)Cl)Cl,0.01788422279059887
YXFVVABEGXRONW-UHFFFAOYSA-N,Cc1ccccc1,0.01029764674603939
AVMSWPWPYJVYKY-UHFFFAOYSA-N,CC(C)COC=O,0.860975980758667
NUVBSKCKDOMJSU-UHFFFAOYSA-N,CCOC(=O)c1ccc(cc1)O,0.30440276861190796
LZDKZFUFMNSQCJ-UHFFFAOYSA-N,CCOCCOCC,0.11830966919660568
TWSRVQVEYJNFKQ-UHFFFAOYSA-N,CCCCCOC(=O)CC,0.2842754125595093
KLSLBUSXWBJMEC-UHFFFAOYSA-N,CCCc1ccc(cc1)O,0.02411641739308834
BKOOMYPCSUNDGP-UHFFFAOYSA-N,CC=C(C)C,0.6265794634819031
WSLDOOZREJYCGB-UHFFFAOYSA-N,C(CCl)Cl,0.5495932698249817
AEXMKKGTQYQZCS-UHFFFAOYSA-N,CCC(C)(C)CC,0.09104891121387482
WWGUMAYGTYQSGA-UHFFFAOYSA-N,Cc1cc2ccccc2cc1C,0.10272742062807083
OISVCGZHLKNMSJ-UHFFFAOYSA-N,Cc1cccc(n1)C,0.4494309723377228
RFKMCNOHBTXSMU-UHFFFAOYSA-N,COC(C(Cl)Cl)(F)F,0.2772197723388672
SVONRAPFKPVNKG-UHFFFAOYSA-N,CCOCCOC(=O)C,0.21308614313602448
NCBZRJODKRCREW-UHFFFAOYSA-N,COc1cccc(c1)N,0.7584311366081238
QJZUKDFHGGYHMC-UHFFFAOYSA-N,c1cc(cnc1)C=O,0.7772133350372314
MSXVEPNJUHWQHW-UHFFFAOYSA-N,CCC(C)(C)O,0.3380567133426666
XCSGPAVHZFQHGE-UHFFFAOYSA-N,CCc1cccc(c1N(COC)C(=O)CCl)CC,0.42557963728904724
OXHNLMTVIGZXSG-UHFFFAOYSA-N,Cn1cccc1,0.17890073359012604
NKDDWNXOKDWJAK-UHFFFAOYSA-N,COCOC,0.493765264749527
AQIXEPGDORPWBJ-UHFFFAOYSA-N,CCC(CC)O,0.03401396796107292
KYWIYKKSMDLRDC-UHFFFAOYSA-N,CCCCCCCCCC(=O)C,0.2469823807477951
IBYHHJPAARCAIE-UHFFFAOYSA-N,C(CBr)Cl,0.49329230189323425
SNHMUERNLJLMHN-UHFFFAOYSA-N,c1ccc(cc1)I,0.10201667249202728
HJOVHMDZYOCNQW-UHFFFAOYSA-N,CC1=CC(=O)CC(C1)(C)C,0.4315861165523529
HVTICUPFWKNHNG-UHFFFAOYSA-N,CCI,0.2801187038421631
PXIKRTCSSLJURC-UHFFFAOYSA-N,CCCc1ccc(c(c1)OC)O,0.3070356547832489
NAMYKGVDVNBCFQ-UHFFFAOYSA-N,CC(C)Br,0.4252987205982208
ZBTMRBYMKUEVEU-UHFFFAOYSA-N,Cc1ccc(cc1)Br,0.12787184119224548
CVNOWLNNPYYEOH-UHFFFAOYSA-N,c1cc(ccc1C#N)O,0.01585596799850464
HHVIBTZHLRERCL-UHFFFAOYSA-N,CS(=O)(=O)C,1.0
HMNKTRSOROOSPP-UHFFFAOYSA-N,CCc1cccc(c1)O,0.27572351694107056
BAVONGHXFVOKBV-ZJUUUORDSA-N,CC1=CC[C@H](C[C@@H]1O)C(=C)C,0.6067999005317688
SWJPEBQEEAHIGZ-UHFFFAOYSA-N,c1cc(ccc1Br)Br,0.5598750710487366
IWEDIXLBFLAXBO-UHFFFAOYSA-N,COc1c(ccc(c1C(=O)O)Cl)Cl,0.0030613350681960583
QMMOXUPEWRXHJS-HYXAFXHYSA-N,CC/C=C\C,0.08362813293933868
OTMSDBZUPAUEDD-UHFFFAOYSA-N,CC,0.30341702699661255
ABDKAPXRBAPSQN-UHFFFAOYSA-N,COc1ccccc1OC,0.042620692402124405
LJSQFQKUNVCTIA-UHFFFAOYSA-N,CCSCC,0.005179387982934713
GZPHSAQLYPIAIN-UHFFFAOYSA-N,c1cc(cnc1)C#N,0.5107987523078918
WDNBURPWRNALGP-UHFFFAOYSA-N,c1cc(c(cc1O)Cl)Cl,0.0345662385225296
RDOXTESZEPMUJZ-UHFFFAOYSA-N,COc1ccccc1,0.7200373411178589
NKTOLZVEWDHZMU-UHFFFAOYSA-N,Cc1ccc(c(c1)O)C,0.34971603751182556
OCJBOOLMMGQPQU-UHFFFAOYSA-N,c1cc(ccc1Cl)Cl,0.3367557227611542
XWCDCDSDNJVCLO-UHFFFAOYSA-N,C(F)Cl,0.018443165346980095
YWAKXRMUMFPDSH-UHFFFAOYSA-N,CCCC=C,0.6753581166267395
GBDZXPJXOMHESU-UHFFFAOYSA-N,c1cc(c(c(c1Cl)Cl)Cl)Cl,0.1391894519329071
YVXHZKKCZYLQOP-UHFFFAOYSA-N,CCCCCC#C,0.12448227405548096
ZAJNGDIORYACQU-UHFFFAOYSA-N,CCCCCCCCC(=O)C,0.017367037013173103
MVPPADPHJFYWMZ-UHFFFAOYSA-N,c1ccc(cc1)Cl,0.20185108482837677
ZZVUWRFHKOJYTH-UHFFFAOYSA-N,CN(C)CCOC(c1ccccc1)c2ccccc2,0.38109686970710754
HGBOYTHUEUWSSQ-UHFFFAOYSA-N,CCCCC=O,0.48118677735328674
USIUVYZYUHIAEV-UHFFFAOYSA-N,c1ccc(cc1)Oc2ccccc2,0.842660665512085
JHIVVAPYMSGYDF-UHFFFAOYSA-N,C1CCC(=O)CC1,0.6829922795295715
NALZTFARIYUCBY-UHFFFAOYSA-N,CCCC[N+](=O)[O-],0.03311286121606827
BGUWFUQJCDRPTL-UHFFFAOYSA-N,c1cnccc1C=O,0.17246343195438385
ZNSMNVMLTJELDZ-UHFFFAOYSA-N,C(CCl)OCCCl,0.08680734038352966
MCSAJNNLRCFZED-UHFFFAOYSA-N,CC[N+](=O)[O-],0.1007099375128746
PWRBCZZQRRPXAB-UHFFFAOYSA-N,c1cc(cnc1)Cl,0.0780794695019722
GZUXJHMPEANEGY-UHFFFAOYSA-N,CBr,0.2137513905763626
OKKJLVBELUTLKV-UHFFFAOYSA-N,CO,0.877528190612793
FXHGMKSSBGDXIY-UHFFFAOYSA-N,CCCCCCC=O,0.11978694051504135
PXAGFNRKXSYIHU-UHFFFAOYSA-N,c1cc(c(c(c1)Cl)c2c(cccc2Cl)Cl)Cl,0.5310176014900208
DPJCXCZTLWNFOH-UHFFFAOYSA-N,c1ccc(c(c1)N)[N+](=O)[O-],0.11568484455347061
PAMIQIKDUOTOBW-UHFFFAOYSA-N,CN1CCCCC1,0.01705651357769966
NUJGJRNETVAIRJ-UHFFFAOYSA-N,CCCCCCCC=O,0.3097032904624939
LQNUZADURLCDLV-UHFFFAOYSA-N,c1ccc(cc1)[N+](=O)[O-],0.5155976414680481
NFLGAXVYCFJBMK-BDAKNGLRSA-N,C[C@@H]1CC[C@H](C(=O)C1)C(C)C,0.3761723041534424
WQZGKKKJIJFFOK-VFUOTHLCSA-N,C([C@@H]1[C@H]([C@@H]([C@H]([C@@H](O1)O)O)O)O)O,0.011995048262178898
NBVXSUQYWXRMNV-UHFFFAOYSA-N,CF,0.8174291849136353
IAZDPXIOMUYVGZ-UHFFFAOYSA-N,CS(=O)C,0.835910439491272
NFBOHOGPQUYFRF-UHFFFAOYSA-N,c1ccc2c(c1)Oc3ccccc3O2,0.019381267949938774
RNVCVTLRINQCPJ-UHFFFAOYSA-N,Cc1ccccc1N,0.7288748621940613
MPPPKRYCTPRNTB-UHFFFAOYSA-N,CCCCBr,0.1770295649766922
ZWRUINPWMLAQRD-UHFFFAOYSA-N,CCCCCCCCCO,0.007824798114597797
FKNQCJSGGFJEIZ-UHFFFAOYSA-N,Cc1ccncc1,0.24453920125961304
CYTYCFOTNPOANT-UHFFFAOYSA-N,C(=C(Cl)Cl)(Cl)Cl,0.030812375247478485
RKSOPLXZQNSWAS-UHFFFAOYSA-N,CC(C)(C)Br,0.00039329598075710237
ZMYIIHDQURVDRB-UHFFFAOYSA-N,C=C(c1ccccc1)c2ccccc2,0.38333359360694885
JRLPEMVDPFPYPJ-UHFFFAOYSA-N,CCc1ccc(cc1)C,0.16869394481182098
ITQTTZVARXURQS-UHFFFAOYSA-N,Cc1cccnc1,0.03297654539346695
VPZFYLQMPOIPKH-UHFFFAOYSA-N,COCC(OC)(OC)OC,0.15593844652175903
NIHNNTQXNPWCJQ-UHFFFAOYSA-N,c1ccc-2c(c1)Cc3c2cccc3,0.014497223310172558
DLFVBJFMPXGRIB-UHFFFAOYSA-N,CC(=O)N,0.09618716686964035
VAYGXNSJCAHWJZ-UHFFFAOYSA-N,COS(=O)(=O)OC,0.06503511220216751
QPFMBZIOSGYJDE-UHFFFAOYSA-N,C(C(Cl)Cl)(Cl)Cl,0.8721365332603455
ZQWPRMPSCMSAJU-UHFFFAOYSA-N,COC(=O)C1CCCCC1,0.14575500786304474
MNDIARAMWBIKFW-UHFFFAOYSA-N,CCCCCCBr,0.020057301968336105
LSXKDWGTSHCFPP-UHFFFAOYSA-N,CCCCCCCBr,0.9567671418190002
VGGGRWRBGXENKI-UHFFFAOYSA-N,c1ccc2c(c1)Oc3cccc(c3O2)Cl,0.1729842722415924
IPJDXQYLAATRJK-UHFFFAOYSA-N,COC(CC#N)(OC)OC,0.21711930632591248
BSPCSKHALVHRSR-BYPYZUCNSA-N,CC[C@H](C)Cl,0.7450118064880371
LTEQMZWBSYACLV-UHFFFAOYSA-N,CCCCCCc1ccccc1,0.8693913221359253
GRIHRCLOUQZXPD-UHFFFAOYSA-N,COc1cc(c(c(c1O)OC)Cl)C=O,0.10585284233093262
SJBBXFLOLUTGCW-UHFFFAOYSA-N,c1cc(cc(c1)C(F)(F)F)C(F)(F)F,0.14832177758216858
KKKDZZRICRFGSD-UHFFFAOYSA-N,c1ccc(cc1)Cn2ccnc2,0.37886419892311096
RUFPHBVGCFYCNW-UHFFFAOYSA-N,c1ccc2c(c1)cccc2N,0.29936152696609497
IYXGSMUGOJNHAZ-UHFFFAOYSA-N,CCOC(=O)CC(=O)OCC,0.4801298975944519
HVCFCNAITDHQFX-UHFFFAOYSA-N,CC(=O)C1CC1,0.41282472014427185
KAESVJOAVNADME-UHFFFAOYSA-N,c1cc[nH]c1,0.13465116918087006
HUPFGZXOMWLGNK-UHFFFAOYSA-N,c1cc(c(cc1c2ccc(cc2F)F)C(=O)O)O,0.09901674836874008
QRMPKOFEUHIBNM-UHFFFAOYSA-N,CC1CCC(CC1)C,0.7739005088806152
HPXRVTGHNJAIIH-UHFFFAOYSA-N,C1CCC(CC1)O,0.020916631445288658
KRMDCWKBEZIMAB-UHFFFAOYSA-N,CN(C)CCC=C1c2ccccc2CCc3c1cccc3,0.4708353281021118
RHMPLDJJXGPMEX-UHFFFAOYSA-N,c1cc(ccc1O)F,0.004310687072575092
AKCRQHGQIJBRMN-UHFFFAOYSA-N,c1ccc(c(c1)N)Cl,0.22481109201908112
GWHJZXXIDMPWGX-UHFFFAOYSA-N,Cc1ccc(c(c1)C)C,0.0063907974399626255
HYFLWBNQFMXCPA-UHFFFAOYSA-N,CCc1ccccc1C,0.4718589782714844
AZOCECCLWFDTAP-RKDXNWHRSA-N,C[C@@H]1CC[C@H](CC1=O)C(=C)C,0.02982749417424202
ZUOUZKKEUPVFJK-UHFFFAOYSA-N,c1ccc(cc1)c2ccccc2,0.24901746213436127
QWBBPBRQALCEIZ-UHFFFAOYSA-N,Cc1cccc(c1C)O,0.09612756222486496
RLBIQVVOMOPOHC-UHFFFAOYSA-N,COP(=S)(OC)Oc1ccc(cc1)[N+](=O)[O-],0.008825241588056087
LCCNCVORNKJIRZ-UHFFFAOYSA-N,CCOP(=S)(OCC)Oc1ccc(cc1)[N+](=O)[O-],0.09379180520772934
OFDYMSKSGFSLLM-UHFFFAOYSA-N,CCN(CC)c1c(cc(c(c1[N+](=O)[O-])N)C(F)(F)F)[N+](=O)[O-],0.9019325971603394
QMMFVYPAHWMCMS-UHFFFAOYSA-N,CSC,0.0013074009912088513
DKYWVDODHFEZIM-NSHDSACASA-N,C[C@@H](c1cccc(c1)C(=O)c2ccccc2)C(=O)O,0.3128960132598877
XCIXKGXIYUWCLL-UHFFFAOYSA-N,C1CCC(C1)O,0.09948329627513885
HNBDRPTVWVGKBR-UHFFFAOYSA-N,CCCCC(=O)OC,0.22960254549980164
WWUVJRULCWHUSA-UHFFFAOYSA-N,CCCC(=C)C,0.12651307880878448
SYTBZMRGLBWNTM-JTQLQIEISA-N,C[C@@H](c1ccc(c(c1)F)c2ccccc2)C(=O)O,0.40146172046661377
UMKANAFDOQQUKE-UHFFFAOYSA-N,CCCN(CCC)c1c(cc(cc1[N+](=O)[O-])S(=O)(=O)C)[N+](=O)[O-],0.6692178845405579
BZHJMEDXRYGGRV-UHFFFAOYSA-N,C=CCl,0.016392190009355545
ULKWBVNMJZUEBD-UHFFFAOYSA-N,Cc1ccc(cc1)C(=O)N(C)C,0.016662774607539177
HCFAJYNVAYBARA-UHFFFAOYSA-N,CCCC(=O)CCC,0.0173378624022007
QPJVMBTYPHYUOC-UHFFFAOYSA-N,COC(=O)c1ccccc1,0.3514098823070526
FXLOVSHXALFLKQ-UHFFFAOYSA-N,Cc1ccc(cc1)C=O,0.03353308513760567
HUAZGNHGCJGYNP-UHFFFAOYSA-N,CCCC(=O)OCCC,0.49631616473197937
GLUUGHFHXGJENI-UHFFFAOYSA-N,C1CNCCN1,0.06174660101532936
MUMQYXACQUZOFP-LBPRGKRZSA-N,CCOP(=S)(OCC)S[C@@H](CCl)N1C(=O)c2ccccc2C1=O,0.8514236211776733
ZNQVEEAIQZEUHB-UHFFFAOYSA-N,CCOCCO,0.06445103883743286
PFEOZHBOMNWTJB-UHFFFAOYSA-N,CCC(C)CC,0.0695357620716095
CAWHJQAVHZEVTJ-UHFFFAOYSA-N,Cc1cnccn1,0.03958273306488991
JSZOAYXJRCEYSX-UHFFFAOYSA-N,CCC[N+](=O)[O-],0.7453233599662781
AUHZEENZYGFFBQ-UHFFFAOYSA-N,Cc1cc(cc(c1)C)C,0.03366854414343834
GHASVSINZRGABV-UHFFFAOYSA-N,c1c(c(=O)[nH]c(=O)[nH]1)F,0.5713049173355103
LFQSCWFLJHTTHZ-UHFFFAOYSA-N,CCO,0.004804111551493406
APQSQLNWAIULLK-UHFFFAOYSA-N,Cc1ccc(c2c1cccc2)C,0.09573935717344284
HGUFODBRKLSHSI-UHFFFAOYSA-N,c1c2c(cc(c1Cl)Cl)Oc3cc(c(cc3O2)Cl)Cl,0.13241486251354218
YOYAIZYFCNQIRF-UHFFFAOYSA-N,c1cc(c(c(c1)Cl)C#N)Cl,0.029019998386502266
WBJINCZRORDGAQ-UHFFFAOYSA-N,CCOC=O,0.5579981207847595
JHBKHLUZVFWLAG-UHFFFAOYSA-N,c1c(c(cc(c1Cl)Cl)Cl)Cl,0.1181829422712326
QTURWMMVIIBRRP-UHFFFAOYSA-N,CCOC(OCC)Oc1ccccc1,0.28149065375328064
RTZZCYNQPHTPPL-UHFFFAOYSA-N,c1cc(cc(c1)O)[N+](=O)[O-],0.504706621170044
KBPLFHHGFOOTCA-UHFFFAOYSA-N,CCCCCCCCO,0.0590348057448864
VXNZUUAINFGPBY-UHFFFAOYSA-N,CCC=C,0.04113641008734703
VZGDMQKNWNREIO-UHFFFAOYSA-N,C(Cl)(Cl)(Cl)Cl,0.9994476437568665
WRMNZCZEMHIOCP-UHFFFAOYSA-N,c1ccc(cc1)CCO,0.19861873984336853
XXOYNJXVWVNOOJ-UHFFFAOYSA-N,CN(C)C(=O)Nc1ccccc1,0.041743770241737366
WQOXQRCZOLPYPM-UHFFFAOYSA-N,CSSC,0.0201770830899477
LDVVMCZRFWMZSG-PHDIDXHHSA-N,C1C=CC[C@@H]2[C@@H]1C(=O)N(C2=O)SC(Cl)(Cl)Cl,0.017618563026189804
URAYPUMNDPQOKB-UHFFFAOYSA-N,CC(=O)OCC(COC(=O)C)OC(=O)C,0.10643520951271057
LCGLNKUTAGEVQW-UHFFFAOYSA-N,COC,0.03807976469397545
VLKZOEOYAKHREP-UHFFFAOYSA-N,CCCCCC,0.37695038318634033
PAAZPARNPHGIKF-UHFFFAOYSA-N,C(CBr)Br,0.05996805056929588
BNIXVQGCZULYKV-UHFFFAOYSA-N,C(C(Cl)(Cl)Cl)(Cl)Cl,0.020193373784422874
LMNPKIOZMGYQIU-UHFFFAOYSA-N,c1c(c(=O)[nH]c(=O)[nH]1)C(F)(F)F,0.02517750859260559
UFFBMTHBGFGIHF-UHFFFAOYSA-N,Cc1cccc(c1N)C,0.5418901443481445
YKYONYBAUNKHLG-UHFFFAOYSA-N,CCCOC(=O)C,0.3758586347103119
SMWDFEZZVXVKRB-UHFFFAOYSA-N,c1ccc2c(c1)cccn2,0.02590385638177395
DNJIEGIFACGWOD-UHFFFAOYSA-N,CCS,0.025706619024276733
CETBSQOFQKLHHZ-UHFFFAOYSA-N,CCSSCC,0.1605633944272995
YTPLMLYBLZKORZ-UHFFFAOYSA-N,c1ccsc1,0.03682410344481468
ZMXIYERNXPIYFR-UHFFFAOYSA-N,CCc1cccc2c1cccc2,0.28853633999824524
XNLICIUVMPYHGG-UHFFFAOYSA-N,CCCC(=O)C,0.021246207877993584
BQFCCUSDZLKBJG-UHFFFAOYSA-N,c1c(c(c(c(c1Cl)Cl)Cl)Cl)c2c(cc(c(c2Cl)Cl)Cl)Cl,6.110823596827686e-05
ITVQAKZNYJEWKS-UHFFFAOYSA-N,CCC[N@@](CC1CC1)c2c(cc(cc2[N+](=O)[O-])C(F)(F)F)[N+](=O)[O-],0.23673991858959198
QTBSBXVTEAMEQO-UHFFFAOYSA-N,CC(=O)O,0.5550661683082581
IKHGUXGNUITLKF-UHFFFAOYSA-N,CC=O,0.8780960440635681
XJCVRTZCHMZPBD-UHFFFAOYSA-N,c1cc(cc(c1)[N+](=O)[O-])N,0.002795873209834099
CGHIBGNXEGJPQZ-UHFFFAOYSA-N,CCCCC#C,0.42686834931373596
VMPITZXILSNTON-UHFFFAOYSA-N,COc1ccccc1N,0.02892806939780712
ISWSIDIOOBJBQZ-UHFFFAOYSA-N,c1ccc(cc1)O,0.4938100576400757
FVSKHRXBFJPNKK-UHFFFAOYSA-N,CCC#N,0.032042328268289566
KJCVRFUGPWSIIH-UHFFFAOYSA-N,c1ccc2c(c1)cccc2O,0.05995697155594826
DKPFZGUDAPQIHT-UHFFFAOYSA-N,CCCCOC(=O)C,0.1914958357810974
QGLZXHRNAYXIBU-UITAMQMPSA-N,CC(C)(/C=N\OC(=O)NC)SC,0.20430123805999756
QWVGKYWNOKOFNN-UHFFFAOYSA-N,Cc1ccccc1O,0.6857693791389465
AMIMRNSIRUDHCM-UHFFFAOYSA-N,CC(C)C=O,0.05235252156853676
QLNJFJADRCOGBJ-UHFFFAOYSA-N,CCC(=O)N,0.21845392882823944
CYNYIHKIEHGYOZ-UHFFFAOYSA-N,CCCBr,0.07826283574104309
ULYZAYCEDJDHCC-UHFFFAOYSA-N,CC(C)Cl,0.018924791365861893
YHRUOJUYPBUZOS-UHFFFAOYSA-N,C(CCl)CCl,0.011696983128786087
BTJIUGUIPKRLHP-UHFFFAOYSA-N,c1cc(ccc1[N+](=O)[O-])O,0.036204028874635696
KNKRKFALVUDBJE-VKHMYHEASA-N,C[C@@H](CCl)Cl,0.02980569191277027
QSNSCYSYFYORTR-UHFFFAOYSA-N,c1cc(ccc1N)Cl,0.04766888543963432
KHUFHLFHOQVFGB-UHFFFAOYSA-N,c1ccc2c(c1)C(=O)c3cccc(c3C2=O)N,0.005470623727887869
HPYNZHMRTTWQTB-UHFFFAOYSA-N,Cc1cccnc1C,0.018939783796668053
GPHQHTOMRSGBNZ-UHFFFAOYSA-N,c1cnccc1C#N,0.7250953912734985
BULVZWIRKLYCBC-UHFFFAOYSA-N,CCOP(=S)(OCC)SCSCC,0.031550660729408264
RIFKADJTWUGDOV-UHFFFAOYSA-N,CC(=O)C1CCCCC1,0.028412600979208946
BTFQKIATRPGRBS-UHFFFAOYSA-N,Cc1ccccc1C=O,0.43692687153816223
WMQUKDQWMMOHSA-UHFFFAOYSA-N,CC(=O)c1ccncc1,0.25367337465286255
WCYYQNSQJHPVMG-UHFFFAOYSA-N,c1c2c(cc(c1Cl)Cl)Oc3c(c(c(c(c3Cl)Cl)Cl)Cl)O2,0.002221608068794012
CSCPPACGZOOCGX-UHFFFAOYSA-N,CC(=O)C,0.23804569244384766
VQTUBCCKSQIDNK-UHFFFAOYSA-N,CC(=C)C,0.5480665564537048
PIVBPZFQXKMHBD-UHFFFAOYSA-N,c1cc(c(cc1Cl)c2cc(c(c(c2)Cl)Cl)Cl)Cl,0.07224316149950027
BVALZCVRLDMXOQ-UHFFFAOYSA-N,CCCCC[N+](=O)[O-],0.5770551562309265
MBDOYVRWFFCFHM-SNAWJCMRSA-N,CCC/C=C/C=O,0.5236221551895142
WYOXDERVKORKJN-UHFFFAOYSA-N,CN(C)C(=O)c1ccc(cc1)[N+](=O)[O-],0.05709210783243179
WYURNTSHIVDZCO-UHFFFAOYSA-N,C1CCOC1,0.33781754970550537
TVMXDCGIABBOFY-UHFFFAOYSA-N,CCCCCCCC,0.5392987728118896
ZSDSQXJSNMTJDA-UHFFFAOYSA-N,CCCN(CCC)c1c(cc(cc1[N+](=O)[O-])C(F)(F)F)[N+](=O)[O-],0.574190080165863
UWKAYLJWKGQEPM-LBPRGKRZSA-N,CC(=CCC[C@](C)(C=C)OC(=O)C)C,0.5821097493171692
DGFBULNMARLFTH-BYPYZUCNSA-N,C[C@@H](CCO[N+](=O)[O-])O[N+](=O)[O-],0.6919132471084595
ZAFNJMIOTHYJRJ-UHFFFAOYSA-N,CC(C)OC(C)C,0.01065356656908989
GXDHCNNESPLIKD-UHFFFAOYSA-N,CCCCC(C)C,0.0668206512928009
LKPLKUMXSAEKID-UHFFFAOYSA-N,c1(c(c(c(c(c1Cl)Cl)Cl)Cl)Cl)N(=O)=O,0.5369653701782227
BCQZXOMGPXTTIC-SFOWXEAESA-N,[C@@H](C(F)(F)F)(Cl)Br,0.1069553792476654
DURPTKYDGMDSBL-UHFFFAOYSA-N,CCCCOCCCC,0.15218718349933624
HPQURZRDYMUHJI-UHFFFAOYSA-N,CCCCCC1CCCC1,0.00144183577504009
BZHMBWZPUJHVEE-UHFFFAOYSA-N,CC(C)CC(C)C,0.04440811648964882
XWKFPIODWVPXLX-UHFFFAOYSA-N,Cc1ccc(nc1)C,0.14650167524814606
MLUCVPSAIODCQM-NSCUHMNNSA-N,C/C=C/C=O,0.7512242794036865
VLJXXKKOSFGPHI-SSDOTTSWSA-N,CCC[C@H](C)CC,0.005477419588714838
MTCPZNVSDFCBBE-UHFFFAOYSA-N,c1cc(c(c(c1)Cl)c2c(cc(cc2Cl)Cl)Cl)Cl,0.4192245900630951
ARRIWOKAMDZZSZ-QMMMGPOBSA-N,c1ccc(cc1)O[C@@H](C(F)F)F,0.0809699222445488
XTHFKEDIFFGKHM-UHFFFAOYSA-N,COCCOC,0.0005958135589025915
ZJMWRROPUADPEA-VIFPVBQESA-N,CC[C@H](C)c1ccccc1,0.05744379013776779
VAJVDSVGBWFCLW-UHFFFAOYSA-N,c1ccc(cc1)CCCO,0.012120191939175129
OWZPCEFYPSAJFR-ZCFIWIBFSA-N,CC[C@@H](C)c1cc(cc(c1O)[N+](=O)[O-])[N+](=O)[O-],0.5022666454315186
DDIZAANNODHTRB-UHFFFAOYSA-N,COc1ccc(cc1)C(=O)OC,0.4485170841217041
LFULEKSKNZEWOE-UHFFFAOYSA-N,CCC(=O)Nc1ccc(c(c1)Cl)Cl,0.515696108341217
CMWTZPSULFXXJA-VIFPVBQESA-N,C[C@@H](c1ccc2cc(ccc2c1)OC)C(=O)O,0.05320601165294647
BCCOBQSFUDVTJQ-UHFFFAOYSA-N,C1(C(C(C1(F)F)(F)F)(F)F)(F)F,0.002608758630231023
MLFHJEHSLIIPHL-UHFFFAOYSA-N,CC(C)CCOC(=O)C,0.010391796007752419
MLRVZFYXUZQSRU-UHFFFAOYSA-N,CCCCCCCl,0.026894202455878258
NTIZESTWPVYFNL-UHFFFAOYSA-N,CC(C)CC(=O)C,0.7258244156837463
JARKCYVAAOWBJS-UHFFFAOYSA-N,CCCCCC=O,0.005687150172889233
PNPCRKVUWYDDST-UHFFFAOYSA-N,c1cc(cc(c1)Cl)N,0.1550847291946411
YNAVUWVOSKDBBP-UHFFFAOYSA-N,C1COCCN1,0.23774150013923645
DHKHKXVYLBGOIT-UHFFFAOYSA-N,CCOC(C)OCC,0.3895493745803833
SMDHCQAYESWHAE-UHFFFAOYSA-N,CCCC[N@](CC)c1c(cc(cc1[N+](=O)[O-])C(F)(F)F)[N+](=O)[O-],0.6811560988426208
LSDPWZHWYPCBBB-UHFFFAOYSA-N,CS,0.0058336276561021805
RDYMFSUJUZBWLH-AZVNHNRSSA-N,C1[C@@H]2[C@H](COS(=O)O1)[C@@]3(C(=C([C@]2(C3(Cl)Cl)Cl)Cl)Cl)Cl,0.7342389822006226
NTPLXRHDUXRPNE-UHFFFAOYSA-N,CC(=O)c1ccc(cc1)OC,0.30734744668006897
XXROGKLTLUQVRX-UHFFFAOYSA-N,C=CCO,0.9097037315368652
WXEHBUMAEPOYKP-UHFFFAOYSA-N,CCSC,0.09000518172979355
PGMYKACGEOXYJE-UHFFFAOYSA-N,CCCCCOC(=O)C,0.0296922754496336
QZYNWJQFTJXIRN-UHFFFAOYSA-N,c1c(cc(c(c1Cl)Cl)Cl)Cl,0.6879456043243408
KWOLFJPFCHCOCG-UHFFFAOYSA-N,CC(=O)c1ccccc1,0.7456057667732239
HRYZWHHZPQKTII-UHFFFAOYSA-N,CCCl,0.40883010625839233
KDIAMAVWIJYWHN-UHFFFAOYSA-N,CCCC1CCCC1,0.005906133446842432
XKEFYDZQGKAQCN-UHFFFAOYSA-N,c1c(cc(cc1Cl)Cl)Cl,0.6381365060806274
QELSKZZBTMNZEB-UHFFFAOYSA-N,CCCOC(=O)c1ccc(cc1)O,0.19959579408168793
HORNXRXVQWOLPJ-UHFFFAOYSA-N,c1cc(cc(c1)Cl)O,0.24692870676517487
PHTQWCKDNZKARW-UHFFFAOYSA-N,CC(C)CCO,0.12254239618778229
DPBLXKKOBLCELK-UHFFFAOYSA-N,CCCCCN,0.0028360497672110796
NBQCNZYJJMBDKY-UHFFFAOYSA-N,Cc1c(c(=O)n(c(=O)[nH]1)C(C)(C)C)Cl,0.3206857144832611
HHOSMYBYIHNXNO-UHFFFAOYSA-N,CC(C)CCC(C)(C)C,0.03564806282520294
POAOYUHQDCAZBD-UHFFFAOYSA-N,CCCCOCCO,0.3225218653678894
DFBKLUNHFCTMDC-RVVFZPGKSA-N,C1[C@@H]2[C@H]3[C@@H]([C@H]1[C@H]4[C@@H]2O4)[C@@]5(C(=C([C@]3(C5(Cl)Cl)Cl)Cl)Cl)Cl,0.9996534585952759
KXDAEFPNCMNJSK-UHFFFAOYSA-N,c1ccc(cc1)C(=O)N,0.502234160900116
FGLBSLMDCBOPQK-UHFFFAOYSA-N,CC(C)[N+](=O)[O-],0.019613439217209816
PEDCQBHIVMGVHV-UHFFFAOYSA-N,C(C(CO)O)O,0.05721127986907959
PVWOIHVRPOBWPI-UHFFFAOYSA-N,CCCI,0.9946341514587402
ASUDFOJKTJLAIK-UHFFFAOYSA-N,COCCN,0.03640729561448097
QVLAWKAXOMEXPM-UHFFFAOYSA-N,C(C(Cl)(Cl)Cl)Cl,0.005698262248188257
RJUFJBKOKNCXHH-UHFFFAOYSA-N,CCC(=O)OC,0.24126337468624115
RGSFGYAAUTVSQA-UHFFFAOYSA-N,C1CCCC1,0.01569286361336708
MFEIKQPHQINPRI-UHFFFAOYSA-N,CCc1cccnc1,0.0007425820804201066
HWWYDZCSSYKIAD-UHFFFAOYSA-N,Cc1cc(cnc1)C,0.2058434933423996
XNWFRZJHXBZDAG-UHFFFAOYSA-N,COCCO,0.03508172929286957
TZIHFWKZFHZASV-UHFFFAOYSA-N,COC=O,0.0014898492954671383
JBIJLHTVPXGSAM-UHFFFAOYSA-N,c1ccc2cc(ccc2c1)N,0.3595190644264221
XLSZMDLNRCVEIJ-UHFFFAOYSA-N,Cc1c[nH]cn1,0.1963294893503189
QZYHIOPPLUPUJF-UHFFFAOYSA-N,Cc1cccc(c1)[N+](=O)[O-],0.7631200551986694
KJDRSWPQXHESDQ-UHFFFAOYSA-N,C(CCCl)CCl,0.7007657885551453
ISWXYJQANHQYSR-UHFFFAOYSA-N,CC(=O)CO[N+](=O)[O-],0.010935584083199501
YTZKOQUCBOVLHL-UHFFFAOYSA-N,CC(C)(C)c1ccccc1,0.011040165089070797
NUKZAGXMHTUAFE-UHFFFAOYSA-N,CCCCCC(=O)OC,0.722365140914917
GILIYJDBJZWGBG-REOHCLBHSA-N,C[C@@H](C(F)(F)F)O,0.0388389527797699
YZWKKMVJZFACSU-UHFFFAOYSA-N,CCCCCBr,0.07406926155090332
KWKAKUADMBZCLK-UHFFFAOYSA-N,CCCCCCC=C,0.0006546417134813964
YSTPAHQEHQSRJD-VIFPVBQESA-N,CC1=CC(=O)[C@@H](CC1)C(C)C,0.09696906805038452
KFZMGEQAYNKOFK-UHFFFAOYSA-N,CC(C)O,0.026576757431030273
BMVXCPBXGZKUPN-UHFFFAOYSA-N,CCCCCCN,0.009513355791568756
KOSAMXZBGUIISK-UHFFFAOYSA-N,C(CO[N+](=O)[O-])CO[N+](=O)[O-],0.7097955346107483
KUFFULVDNCHOFZ-UHFFFAOYSA-N,Cc1ccc(c(c1)C)O,0.012646162882447243
AMQJEAYHLZJPGS-UHFFFAOYSA-N,CCCCCO,0.14561976492404938
JYVLIDXNZAXMDK-RXMQYKEDSA-N,CCC[C@@H](C)O,0.0019363554893061519
LAIUFBWHERIJIH-QMMMGPOBSA-N,CCCC[C@@H](C)CC,0.00030964575125835836
HEFNNWSXXWATRW-JTQLQIEISA-N,C[C@@H](c1ccc(cc1)CC(C)C)C(=O)O,0.0049222796224057674
JXSJBGJIGXNWCI-MRVPVSSYSA-N,CCOC(=O)C[C@H](C(=O)OCC)SP(=S)(OC)OC,0.010108039714396
YCOXTKKNXUZSKD-UHFFFAOYSA-N,Cc1ccc(cc1C)O,0.5028574466705322
CFKMVGJGLGKFKI-UHFFFAOYSA-N,Cc1cc(ccc1Cl)O,0.06658895313739777
OTTZHAVKAVGASB-HWKANZROSA-N,CCCC/C=C/C,0.12730538845062256
POLCUAVZOMRGSN-UHFFFAOYSA-N,CCCOCCC,0.7425910234451294
NOOLISFMXDJSKH-KXUCPTDWSA-N,C[C@@H]1CC[C@H]([C@@H](C1)O)C(C)C,0.0630435198545456
IROINLKCQGIITA-UHFFFAOYSA-N,CCNc1nc(nc(n1)SC)NC(C)(C)C,0.07251379638910294
NHTMVDHEPJAVLT-UHFFFAOYSA-N,CC(C)CC(C)(C)C,0.035694144666194916
WSGCRAOTEDLMFQ-UHFFFAOYSA-N,CCCCC(=O)CCCC,0.1060955747961998
SGEJQUSYQTVSIU-UHFFFAOYSA-N,CCCCN(CC)C(=O)SCCC,0.27612513303756714
ZGEGCLOFRBLKSE-UHFFFAOYSA-N,CCCCCC=C,0.06192546710371971
RMOUBSOVHSONPZ-UHFFFAOYSA-N,CC(C)OC=O,0.7802067995071411
ACKALUBLCWJVNB-UHFFFAOYSA-N,CC(OC(=O)C)OC(=O)C,0.5148286819458008
ZFTBZKVVGZNMJR-UHFFFAOYSA-N,c1c(c(=O)[nH]c(=O)[nH]1)Cl,0.05823078006505966
XYLMUPLGERFSHI-UHFFFAOYSA-N,CC(=C)c1ccccc1,0.30379214882850647
QWTDNUCVQCZILF-UHFFFAOYSA-N,CCC(C)C,0.5621610879898071
QQHZPQUHCAKSOL-UHFFFAOYSA-N,CCCCO[N+](=O)[O-],0.0039697252213954926
QARVLSVVCXYDNA-UHFFFAOYSA-N,c1ccc(cc1)Br,0.05691356211900711
UOCLXMDMGBRAIB-UHFFFAOYSA-N,CC(Cl)(Cl)Cl,5.2554205467458814e-05
RUMOYJJNUMEFDD-SNVBAGLBSA-N,CC(=C)[C@H]1CCC(=CC1)C=O,0.013385680504143238
PLAZTCDQAHEYBI-UHFFFAOYSA-N,Cc1ccccc1[N+](=O)[O-],0.12082066386938095
LMHCYRULPLGEEZ-UHFFFAOYSA-N,CCCCCCCI,0.21066610515117645
BBEAQIROQSPTKN-UHFFFAOYSA-N,c1cc2ccc3cccc4c3c2c(c1)cc4,0.7710429430007935
SQCZQTSHSZLZIQ-UHFFFAOYSA-N,CCCCCCl,0.018235791474580765
GJRQTCIYDGXPES-UHFFFAOYSA-N,CC(C)COC(=O)C,0.22163057327270508
HNRMPXKDFBEGFZ-UHFFFAOYSA-N,CCC(C)(C)C,0.04968615621328354
TYMLOMAKGOJONV-UHFFFAOYSA-N,c1cc(ccc1N)N(=O)=O,0.9395354986190796
ANGDWNBGPBMQHW-UHFFFAOYSA-N,COC(=O)CC#N,0.008716949261724949
BHAAPTBBJKJZER-UHFFFAOYSA-N,COc1ccc(cc1)N,0.24800518155097961
KXUHSQYYJYAXGZ-UHFFFAOYSA-N,CC(C)Cc1ccccc1,0.15249226987361908
MTLMVEWEYZFYTH-UHFFFAOYSA-N,c1ccc(cc1)c2c(cc(cc2Cl)Cl)Cl,0.4064794182777405
BAVYZALUXZFZLV-UHFFFAOYSA-N,CN,0.9985175728797913
ISPYQTSUDJAMAB-UHFFFAOYSA-N,c1ccc(c(c1)O)Cl,0.03365369141101837
XOGPDSATLSAZEK-UHFFFAOYSA-N,c1ccc2c(c1)C(=O)c3ccc(cc3C2=O)N,0.27652785181999207
KFUSEUYYWQURPO-UPHRSURJSA-N,C(=C\Cl)\Cl,0.8623723387718201
QQZOPKMRPOGIEB-UHFFFAOYSA-N,CCCCC(=O)C,0.06746717542409897
UQXKXGWGFRWILX-UHFFFAOYSA-N,C(CO[N+](=O)[O-])O[N+](=O)[O-],0.0974607765674591
HFHFGHLXUCOHLN-UHFFFAOYSA-N,c1ccc(c(c1)O)F,0.007647813763469458
YFGYUFNIOHWBOB-UHFFFAOYSA-N,Cc1c(nc(nc1OC(=O)N(C)C)N(C)C)C,0.6894233822822571
PPBRXRYQALVLMV-UHFFFAOYSA-N,C=Cc1ccccc1,0.550488293170929
DQWPFSLDHJDLRL-UHFFFAOYSA-N,CCOP(=O)(OCC)OCC,0.26760852336883545
RHQDFWAXVIIEBN-UHFFFAOYSA-N,C(C(F)(F)F)O,0.0331370010972023
RWNUSVWFHDHRCJ-ZETCQYMHSA-N,CCCCOC[C@H](C)O,0.5676157474517822
BDERNNFJNOPAEC-UHFFFAOYSA-N,CCCO,0.03449343889951706
CTQNGGLPUBDAKN-UHFFFAOYSA-N,Cc1ccccc1C,0.017958421260118484
CRSOQBOWXPBRES-UHFFFAOYSA-N,CC(C)(C)C,0.04480163753032684
IBXNCJKFFQIKKY-UHFFFAOYSA-N,CCCC#C,0.31929904222488403
XKJCHHZQLQNZHY-UHFFFAOYSA-N,c1ccc2c(c1)C(=O)NC2=O,0.13620682060718536
KMGBZBJJOKUPIA-UHFFFAOYSA-N,CCCCI,0.008194704540073872
IWDCLRJOBJJRNH-UHFFFAOYSA-N,Cc1ccc(cc1)O,0.05957100912928581
FMKOJHQHASLBPH-UHFFFAOYSA-N,CC(C)I,0.35296696424484253
LHGVFZTZFXWLCP-UHFFFAOYSA-N,COc1ccccc1O,0.29522860050201416
LPIQUOYDBNQMRZ-UHFFFAOYSA-N,C1CC=CC1,0.32464128732681274
GILIYJDBJZWGBG-UWTATZPHSA-N,C[C@H](C(F)(F)F)O,0.04825977608561516
WGYKZJWCGVVSQN-UHFFFAOYSA-N,CCCN,0.0009089114028029144
IQUPABOKLQSFBK-UHFFFAOYSA-N,c1ccc(c(c1)[N+](=O)[O-])O,0.6249109506607056
QPUYECUOLPXSFR-UHFFFAOYSA-N,Cc1cccc2c1cccc2,0.07782813906669617
CKAPSXZOOQJIBF-UHFFFAOYSA-N,c1(c(c(c(c(c1Cl)Cl)Cl)Cl)Cl)Cl,0.047046270221471786
LVBXEMGDVWVTGY-VOTSOKGWSA-N,CCCCC/C=C/C=O,0.2809435725212097
UMIPWJGWASORKV-UHFFFAOYSA-N,CCCCCCC#C,0.40299877524375916
FHIVAFMUCKRCQO-UHFFFAOYSA-N,CCOP(=S)(OCC)Oc1cc(nc(n1)C(C)C)C,0.16091689467430115
JGHZJRVDZXSNKQ-UHFFFAOYSA-N,CCCCCCCC(=O)OC,0.6858121156692505
RWRDLPDLKQPQOW-UHFFFAOYSA-N,C1CCNC1,0.008584531024098396
RGHHSNMVTDWUBI-UHFFFAOYSA-N,c1cc(ccc1C=O)O,0.2179022580385208
DZMDPHNGKBEVRE-UHFFFAOYSA-N,CCCCCCCCl,0.15496975183486938
RYHBNJHYFVUHQT-UHFFFAOYSA-N,C1COCCO1,0.353810578584671
