drugs,smiles,can_smiles
"4-methoxy-N,N-dimethyl-benzamide",CN(C)C(=O)c1ccc(cc1)OC,CN(C)C(=O)c1ccc(cc1)OC
methanesulfonyl chloride,CS(=O)(=O)Cl,CS(=O)(=O)Cl
3-methylbut-1-ene,CC(C)C=C,CC(C)C=C
2-ethylpyrazine,CCc1cnccn1,CCc1cnccn1
heptan-1-ol,CCCCCCCO,CCCCCCCO
"3,5-dimethylphenol",Cc1cc(cc(c1)O)C,Cc1cc(cc(c1)O)C
"2,3-dimethylbutane",CC(C)C(C)C,CC(C)C(C)C
2-methylpentan-2-ol,CCCC(C)(C)O,CCCC(C)(C)O
"1,2-dimethylcyclohexane",C[C@@H]1CCCC[C@@H]1C,C[C@@H]1CCCC[C@@H]1C
butan-2-ol,CC[C@H](C)O,CC[C@H](C)O
dibromomethane,C(Br)Br,C(Br)Br
2-methylpentan-3-ol,CC[C@H](C(C)C)O,CC[C@H](C(C)C)O
2-ethylpyridine,CCc1ccccn1,CCc1ccccn1
ethyl pentanoate,CCCCC(=O)OCC,CCCCC(=O)OCC
benzenethiol,c1ccc(cc1)S,c1ccc(cc1)S
"(2Z)-3,7-dimethylocta-2,6-dien-1-ol",CC(=CCC/C(=C\CO)/C)C,CC(=CCC/C(=C\CO)/C)C
indane,c1ccc2c(c1)CCC2,c1ccc2c(c1)CCC2
ethoxybenzene,CCOc1ccccc1,CCOc1ccccc1
4-bromophenol,c1cc(ccc1O)Br,c1cc(ccc1O)Br
"2,2-dimethylpentane",CCCC(C)(C)C,CCCC(C)(C)C
2-acetoxyethyl acetate,CC(=O)OCCOC(=O)C,CC(=O)OCCOC(=O)C
ethion,CCOP(=S)(OCC)SCSP(=S)(OCC)OCC,CCOP(=S)(OCC)SCSP(=S)(OCC)OCC
cycloheptanol,C1CCCC(CC1)O,C1CCCC(CC1)O
methyl cyclopropanecarboxylate,COC(=O)C1CC1,COC(=O)C1CC1
benzonitrile,c1ccc(cc1)C#N,c1ccc(cc1)C#N
pentanenitrile,CCCCC#N,CCCCC#N
2-methylpropan-2-ol,CC(C)(C)O,CC(C)(C)O
"2,4-dimethylpentan-3-one",CC(C)C(=O)C(C)C,CC(C)C(=O)C(C)C
propanal,CCC=O,CCC=O
"N,N-dimethylformamide",CN(C)C=O,CN(C)C=O
p-xylene,Cc1ccc(cc1)C,Cc1ccc(cc1)C
"penta-1,4-diene",C=CCC=C,C=CCC=C
"2-(2,3-dimethylphenyl)aminobenzoic acid",Cc1cccc(c1C)Nc2ccccc2C(=O)O,Cc1cccc(c1C)Nc2ccccc2C(=O)O
"N,N-dimethylbenzamide",CN(C)C(=O)c1ccccc1,CN(C)C(=O)c1ccccc1
N-ethylethanamine,CCNCC,CCNCC
4-tert-butylphenol,CC(C)(C)c1ccc(cc1)O,CC(C)(C)c1ccc(cc1)O
isopentyl formate,CC(C)CCOC=O,CC(C)CCOC=O
decan-1-ol,CCCCCCCCCCO,CCCCCCCCCCO
ethyl propanoate,CCC(=O)OCC,CCC(=O)OCC
nonane,CCCCCCCCC,CCCCCCCCC
N-methylacetamide,CC(=O)NC,CC(=O)NC
non-1-ene,CCCCCCCC=C,CCCCCCCC=C
naphthalen-2-ol,c1ccc2cc(ccc2c1)O,c1ccc2cc(ccc2c1)O
"1,2,4-trichlorobenzene",c1cc(c(cc1Cl)Cl)Cl,c1cc(c(cc1Cl)Cl)Cl
"(2R,3R,4R,5R)-Hexan-1,2,3,4,5,6-hexol",C([C@H]([C@H]([C@@H]([C@@H](CO)O)O)O)O)O,C([C@H]([C@H]([C@@H]([C@@H](CO)O)O)O)O)O
methyl butanoate,CCCC(=O)OC,CCCC(=O)OC
2-hydroxybenzaldehyde,c1ccc(c(c1)C=O)O,c1ccc(c(c1)C=O)O
azetidine,C1CNC1,C1CNC1
N-propylpropan-1-amine,CCCNCCC,CCCNCCC
aniline,c1ccc(cc1)N,c1ccc(cc1)N
tetrafluoromethane,C(F)(F)(F)F,C(F)(F)(F)F
2-methylbutan-1-ol,CC[C@@H](C)CO,CC[C@@H](C)CO
2-iodophenol,c1ccc(c(c1)O)I,c1ccc(c(c1)O)I
"2,6-dimethoxyphenol",COc1cccc(c1O)OC,COc1cccc(c1O)OC
but-1-yne,CCC#C,CCC#C
trifluoromethylbenzene,c1ccc(cc1)C(F)(F)F,c1ccc(cc1)C(F)(F)F
hydrazine,NN,NN
2-methylpyridine,Cc1ccccn1,Cc1ccccn1
simazine,CCNc1nc(nc(n1)Cl)NCC,CCNc1nc(nc(n1)Cl)NCC
"2,3-dichlorodibenzo-p-dioxin",c1ccc2c(c1)Oc3cc(c(cc3O2)Cl)Cl,c1ccc2c(c1)Oc3cc(c(cc3O2)Cl)Cl
octan-1-amine,CCCCCCCCN,CCCCCCCCN
ammonia,N,N
"1,2-bis(trifluoromethyl)benzene",c1ccc(c(c1)C(F)(F)F)C(F)(F)F,c1ccc(c(c1)C(F)(F)F)C(F)(F)F
methyl paraben,COC(=O)c1ccc(cc1)O,COC(=O)c1ccc(cc1)O
pentylbenzene,CCCCCc1ccccc1,CCCCCc1ccccc1
"1,1-difluoroethane",CC(F)F,CC(F)F
5-Amino-4-chloro-2-phenylpyridazin-3(2H)-one,c1ccc(cc1)n2c(=O)c(c(cn2)N)Cl,c1ccc(cc1)n2c(=O)c(c(cn2)N)Cl
butadiene,C=CC=C,C=CC=C
"N,N-dimethylmethanamine",CN(C)C,CN(C)C
hexanamide,CCCCCC(=O)N,CCCCCC(=O)N
isobutyl nitrate,CC(C)CO[N+](=O)[O-],CC(C)CO[N+](=O)[O-]
"1-(2-hydroxyethylamino)-9,10-anthraquinone",c1ccc2c(c1)C(=O)c3cccc(c3C2=O)NCCO,c1ccc2c(c1)C(=O)c3cccc(c3C2=O)NCCO
2-(nitrooxy)ethan-1-ol,C(CO[N+](=O)[O-])O,C(CO[N+](=O)[O-])O
octan-2-one,CCCCCCC(=O)C,CCCCCCC(=O)C
1-methylpiperazine,CN1CCNCC1,CN1CCNCC1
ethanamine,CCN,CCN
"cyclohepta-1,3,5-triene",C1C=CC=CC=C1,C1C=CC=CC=C1
"9,10-dihydroanthracene",c1ccc2c(c1)Cc3ccccc3C2,c1ccc2c(c1)Cc3ccccc3C2
"1,1-dichloroethane",CC(Cl)Cl,CC(Cl)Cl
3-methoxyphenol,COc1cccc(c1)O,COc1cccc(c1)O
acenaphthene,c1cc2cccc3c2c(c1)CC3,c1cc2cccc3c2c(c1)CC3
1-bromooctane,CCCCCCCCBr,CCCCCCCCBr
phenylmethanol,c1ccc(cc1)CO,c1ccc(cc1)CO
5-bromouracil,c1c(c(=O)[nH]c(=O)[nH]1)Br,c1c(c(=O)[nH]c(=O)[nH]1)Br
n-butane,CCCC,CCCC
chloromethane,CCl,CCl
1-bromo-2-methyl-propane,CC(C)CBr,CC(C)CBr
2-isopropylsulfanylpropane,CC(C)SC(C)C,CC(C)SC(C)C
heptane,CCCCCCC,CCCCCCC
imidazole,c1cnc[nH]1,c1cnc[nH]1
"1,2,3,7-tetrachlorodibenzo-p-dioxin",c1cc2c(cc1Cl)Oc3cc(c(c(c3O2)Cl)Cl)Cl,c1cc2c(cc1Cl)Oc3cc(c(c(c3O2)Cl)Cl)Cl
bromacil,CC[C@H](C)n1c(=O)c(c([nH]c1=O)C)Br,CC[C@H](C)n1c(=O)c(c([nH]c1=O)C)Br
diiodomethane,C(I)I,C(I)I
"N,N-dipropyl(propylsulfanyl)formamide",CCCN(CCC)C(=O)SCCC,CCCN(CCC)C(=O)SCCC
nitromethane,C[N+](=O)[O-],C[N+](=O)[O-]
methoxyethane,CCOC,CCOC
"2-chloro-1,1,1-trimethoxy-ethane",COC(CCl)(OC)OC,COC(CCl)(OC)OC
isobutane,CC(C)C,CC(C)C
3-methylbutanoic acid,CC(C)CC(=O)O,CC(C)CC(=O)O
"2-chloro-1-(2,4-dichlorophenyl)ethenyl diethyl phosphate",CCOP(=O)(OCC)O/C(=C/Cl)/c1ccc(cc1Cl)Cl,CCOP(=O)(OCC)O/C(=C/Cl)/c1ccc(cc1Cl)Cl
1-chloropropane,CCCCl,CCCCl
1-propylsulfanylpropane,CCCSCCC,CCCSCCC
hexan-3-ol,CCC[C@H](CC)O,CCC[C@H](CC)O
acetonitrile,CC#N,CC#N
"N-methyl-N-(2,2,2-trifluoroethyl)aniline",CN(CC(F)(F)F)c1ccccc1,CN(CC(F)(F)F)c1ccccc1
"2-chloro-2-(difluoromethoxy)-1,1,1-trifluoro-ethane",[C@@H](C(F)(F)F)(OC(F)F)Cl,[C@@H](C(F)(F)F)(OC(F)F)Cl
"hexa-1,5-diene",C=CCCC=C,C=CCCC=C
m-xylene,Cc1cccc(c1)C,Cc1cccc(c1)C
methyl acetate,CC(=O)OC,CC(=O)OC
trimethoxymethylbenzene,COC(c1ccccc1)(OC)OC,COC(c1ccccc1)(OC)OC
ethyl benzoate,CCOC(=O)c1ccccc1,CCOC(=O)c1ccccc1
propanethiol,CCCS,CCCS
heptan-2-one,CCCCCC(=O)C,CCCCCC(=O)C
carbofuran,CC1(Cc2cccc(c2O1)OC(=O)NC)C,CC1(Cc2cccc(c2O1)OC(=O)NC)C
benzyl bromide,c1ccc(cc1)CBr,c1ccc(cc1)CBr
ethyl hexanoate,CCCCCC(=O)OCC,CCCCCC(=O)OCC
1-methoxypropane,CCCOC,CCCOC
4-methylmorpholine,CN1CCOCC1,CN1CCOCC1
3-hydroxybenzonitrile,c1cc(cc(c1)O)C#N,c1cc(cc(c1)O)C#N
"1,2,4,5-tetrachloro-3-(3,4-dichlorophenyl)benzene",c1cc(c(cc1c2c(c(cc(c2Cl)Cl)Cl)Cl)Cl)Cl,c1cc(c(cc1c2c(c(cc(c2Cl)Cl)Cl)Cl)Cl)Cl
propylbenzene,CCCc1ccccc1,CCCc1ccccc1
caffeine,Cn1cnc2c1c(=O)n(c(=O)n2C)C,Cn1cnc2c1c(=O)n(c(=O)n2C)C
N-methylmethanamine,CNC,CNC
"1,1,2,3,3,3-hexafluoroprop-1-ene",C(=C(F)F)(C(F)(F)F)F,C(=C(F)F)(C(F)(F)F)F
4-chlorophenol,c1cc(ccc1O)Cl,c1cc(ccc1O)Cl
piperidine,C1CCNCC1,C1CCNCC1
phenanthrene,c1ccc2c(c1)ccc3c2cccc3,c1ccc2c(c1)ccc3c2cccc3
iodomethane,CI,CI
"3,5-dichloro-2,6-dimethoxyphenol",COc1c(cc(c(c1O)OC)Cl)Cl,COc1c(cc(c(c1O)OC)Cl)Cl
"(E)-1,2-dichloroethylene",C(=C/Cl)\Cl,C(=C/Cl)\Cl
n-pentane,CCCCC,CCCCC
butanenitrile,CCCC#N,CCCC#N
"2-bromo-1,1,1,2-tetrafluoro-ethane",[C@@H](C(F)(F)F)(F)Br,[C@@H](C(F)(F)F)(F)Br
2-isobutylpyrazine,CC(C)Cc1cnccn1,CC(C)Cc1cnccn1
[(2S)-butan-2-yl] nitrate,CC[C@H](C)O[N+](=O)[O-],CC[C@H](C)O[N+](=O)[O-]
"1,4-dichloro-2-phenyl-benzene",c1ccc(cc1)c2cc(ccc2Cl)Cl,c1ccc(cc1)c2cc(ccc2Cl)Cl
"1,2,3,4-tetrachloro-5-phenyl-benzene",c1ccc(cc1)c2cc(c(c(c2Cl)Cl)Cl)Cl,c1ccc(cc1)c2cc(c(c(c2Cl)Cl)Cl)Cl
"2,3-dimethylpentane",CC[C@@H](C)C(C)C,CC[C@@H](C)C(C)C
4-methylpentan-2-ol,C[C@H](CC(C)C)O,C[C@H](CC(C)C)O
tetrahydropyran,C1CCOCC1,C1CCOCC1
cyclopropane,C1CC1,C1CC1
"1,2,3,4-tetrachloro-5-(3,4,5-trichlorophenyl)benzene",c1c(cc(c(c1Cl)Cl)Cl)c2cc(c(c(c2Cl)Cl)Cl)Cl,c1c(cc(c(c1Cl)Cl)Cl)c2cc(c(c(c2Cl)Cl)Cl)Cl
"1,1-dichloroethylene",C=C(Cl)Cl,C=C(Cl)Cl
2-methylpropan-1-ol,CC(C)CO,CC(C)CO
propyl propanoate,CCCOC(=O)CC,CCCOC(=O)CC
hexachloroethane,C(C(Cl)(Cl)Cl)(Cl)(Cl)Cl,C(C(Cl)(Cl)Cl)(Cl)(Cl)Cl
methylsulfanylbenzene,CSc1ccccc1,CSc1ccccc1
2-ethylphenol,CCc1ccccc1O,CCc1ccccc1O
2-chloro-2-methyl-propane,CC(C)(C)Cl,CC(C)(C)Cl
isoprene,CC(=C)C=C,CC(=C)C=C
1-isopropyl-4-methyl-benzene,Cc1ccc(cc1)C(C)C,Cc1ccc(cc1)C(C)C
1-methylimidazole,Cn1ccnc1,Cn1ccnc1
ethylene glycol,C(CO)O,C(CO)O
"1,2-dichlorobenzene",c1ccc(c(c1)Cl)Cl,c1ccc(c(c1)Cl)Cl
6-chlorouracil,c1c(=O)[nH]c(=O)[nH]c1Cl,c1c(=O)[nH]c(=O)[nH]c1Cl
propyl formate,CCCOC=O,CCCOC=O
2-chlorodibenzo-p-dioxin,c1ccc2c(c1)Oc3ccc(cc3O2)Cl,c1ccc2c(c1)Oc3ccc(cc3O2)Cl
hexanoic acid,CCCCCC(=O)O,CCCCCC(=O)O
diethyl butanedioate,CCOC(=O)CCC(=O)OCC,CCOC(=O)CCC(=O)OCC
"2,4-dimethylpyridine",Cc1ccnc(c1)C,Cc1ccnc(c1)C
cyclohexene,C1CCC=CC1,C1CCC=CC1
"1,4-dimethylpiperazine",CN1CCN(CC1)C,CN1CCN(CC1)C
"1,2,3,4-tetrachloro-5-(3,4-dichlorophenyl)benzene",c1cc(c(cc1c2cc(c(c(c2Cl)Cl)Cl)Cl)Cl)Cl,c1cc(c(cc1c2cc(c(c(c2Cl)Cl)Cl)Cl)Cl)Cl
quinone,C1=CC(=O)C=CC1=O,C1=CC(=O)C=CC1=O
methyl 2-chloroacetate,COC(=O)CCl,COC(=O)CCl
butanal,CCCC=O,CCCC=O
ethylbenzene,CCc1ccccc1,CCc1ccccc1
"1,1,2-trichloroethylene",C(=C(Cl)Cl)Cl,C(=C(Cl)Cl)Cl
"N,N-diethylethanamine",CCN(CC)CC,CCN(CC)CC
"1,2,3,4,7-pentachlorodibenzo-p-dioxin",c1cc2c(cc1Cl)Oc3c(c(c(c(c3Cl)Cl)Cl)Cl)O2,c1cc2c(cc1Cl)Oc3c(c(c(c(c3Cl)Cl)Cl)Cl)O2
"3,4-dimethylpyridine",Cc1ccncc1C,Cc1ccncc1C
cyanuric acid,c1(=O)[nH]c(=O)[nH]c(=O)[nH]1,c1(=O)[nH]c(=O)[nH]c(=O)[nH]1
benzaldehyde,c1ccc(cc1)C=O,c1ccc(cc1)C=O
2-chloropyridine,c1ccnc(c1)Cl,c1ccnc(c1)Cl
3-chloroprop-1-ene,C=CCCl,C=CCCl
1-(p-tolyl)ethanone,Cc1ccc(cc1)C(=O)C,Cc1ccc(cc1)C(=O)C
formaldehyde,C=O,C=O
1-chloro-2-methyl-benzene,Cc1ccccc1Cl,Cc1ccccc1Cl
1-pyrrolidin-1-ylethanone,CC(=O)N1CCCC1,CC(=O)N1CCCC1
"1,1,1-trimethoxyethane",CC(OC)(OC)OC,CC(OC)(OC)OC
butylbenzene,CCCCc1ccccc1,CCCCc1ccccc1
"N,N-dimethylaniline",CN(C)c1ccccc1,CN(C)c1ccccc1
2-methoxypropane,CC(C)OC,CC(C)OC
"1,2,3,4,6,7,8,9-octachlorodibenzo-p-dioxin",c12c(c(c(c(c1Cl)Cl)Cl)Cl)Oc3c(c(c(c(c3Cl)Cl)Cl)Cl)O2,c12c(c(c(c(c1Cl)Cl)Cl)Cl)Oc3c(c(c(c(c3Cl)Cl)Cl)Cl)O2
"1,2,3,4,5-pentachloro-6-(2,3,4,5,6-pentachlorophenyl)benzene",c1(c(c(c(c(c1Cl)Cl)Cl)Cl)Cl)c2c(c(c(c(c2Cl)Cl)Cl)Cl)Cl,c1(c(c(c(c(c1Cl)Cl)Cl)Cl)Cl)c2c(c(c(c(c2Cl)Cl)Cl)Cl)Cl
"1,1,2-trichloroethane",C(C(Cl)Cl)Cl,C(C(Cl)Cl)Cl
N-methylaniline,CNc1ccccc1,CNc1ccccc1
isopropyl acetate,CC(C)OC(=O)C,CC(C)OC(=O)C
benzene,c1ccccc1,c1ccccc1
"1,2,3-trichlorobenzene",c1cc(c(c(c1)Cl)Cl)Cl,c1cc(c(c(c1)Cl)Cl)Cl
4-chlorophenyl)sulfanylmethylsulfanyl-diethoxy-thioxo-$l^{5}-phosphane,CCOP(=S)(OCC)SCSc1ccc(cc1)Cl,CCOP(=S)(OCC)SCSc1ccc(cc1)Cl
"3-(dimethoxyphosphinothioylsulfanylmethyl)-1,2,3-benzotriazin-4-one",COP(=S)(OC)SCn1c(=O)c2ccccc2nn1,COP(=S)(OC)SCn1c(=O)c2ccccc2nn1
"1,2,4-trichlorodibenzo-p-dioxin",c1ccc2c(c1)Oc3c(cc(c(c3O2)Cl)Cl)Cl,c1ccc2c(c1)Oc3c(cc(c(c3O2)Cl)Cl)Cl
"2,3-dimethylbuta-1,3-diene",CC(=C)C(=C)C,CC(=C)C(=C)C
hex-1-ene,CCCCC=C,CCCCC=C
hydrogen sulfide,S,S
ethoxyethane,CCOCC,CCOCC
"2-N-ethyl-6-(methylsulfanyl)-4-N-(propan-2-yl)-1,3,5-triazine-2,4-diamine",CCNc1nc(nc(n1)SC)NC(C)C,CCNc1nc(nc(n1)SC)NC(C)C
butyl paraben,CCCCOC(=O)c1ccc(cc1)O,CCCCOC(=O)c1ccc(cc1)O
hexyl acetate,CCCCCCOC(=O)C,CCCCCCOC(=O)C
cyclopentanone,C1CCC(=O)C1,C1CCC(=O)C1
pentanoic acid,CCCCC(=O)O,CCCCC(=O)O
bromoethane,CCBr,CCBr
"2,6-dimethylnaphthalene",Cc1ccc2cc(ccc2c1)C,Cc1ccc2cc(ccc2c1)C
hexan-1-ol,CCCCCCO,CCCCCCO
1-chloro-2-phenyl-benzene,c1ccc(cc1)c2ccccc2Cl,c1ccc(cc1)c2ccccc2Cl
1-methylcyclohexene,CC1=CCCCC1,CC1=CCCCC1
hexyl nitrate,CCCCCCO[N+](=O)[O-],CCCCCCO[N+](=O)[O-]
bromoform,C(Br)(Br)Br,C(Br)(Br)Br
4-ethylphenol,CCc1ccc(cc1)O,CCc1ccc(cc1)O
2-propoxyethanol,CCCOCCO,CCCOCCO
phenyl formate,c1ccc(cc1)OC=O,c1ccc(cc1)OC=O
5-iodouracil,c1c(c(=O)[nH]c(=O)[nH]1)I,c1c(c(=O)[nH]c(=O)[nH]1)I
butyric acid,CCCC(=O)O,CCCC(=O)O
"1,1,1-trifluoro-2,2,2-trimethoxyethane",COC(C(F)(F)F)(OC)OC,COC(C(F)(F)F)(OC)OC
"(2S,3R,4S,5R)-oxane-2,3,4,5-tetrol",C1[C@H]([C@@H]([C@H]([C@H](O1)O)O)O)O,C1[C@H]([C@@H]([C@H]([C@H](O1)O)O)O)O
bromo-trifluoro-methane,C(F)(F)(F)Br,C(F)(F)(F)Br
butan-1-ol,CCCCO,CCCCO
fluorobenzene,c1ccc(cc1)F,c1ccc(cc1)F
ethyl acetate,CCOC(=O)C,CCOC(=O)C
isobutyl 2-methylpropanoate,CC(C)COC(=O)C(C)C,CC(C)COC(=O)C(C)C
2-methoxy-2-methyl-propane,CC(C)(C)OC,CC(C)(C)OC
heptachlor,C1=C[C@@H]([C@@H]2[C@H]1[C@@]3(C(=C([C@]2(C3(Cl)Cl)Cl)Cl)Cl)Cl)Cl,C1=C[C@@H]([C@@H]2[C@H]1[C@@]3(C(=C([C@]2(C3(Cl)Cl)Cl)Cl)Cl)Cl)Cl
pentan-3-one,CCC(=O)CC,CCC(=O)CC
"methyl 2,2,2-trifluoroacetate",COC(=O)C(F)(F)F,COC(=O)C(F)(F)F
naphthalene,c1ccc2ccccc2c1,c1ccc2ccccc2c1
"1,2,3,4-tetrachloro-5-(2,3,4-trichlorophenyl)benzene",c1cc(c(c(c1c2cc(c(c(c2Cl)Cl)Cl)Cl)Cl)Cl)Cl,c1cc(c(c(c1c2cc(c(c(c2Cl)Cl)Cl)Cl)Cl)Cl)Cl
acetylsalicylic acid,CC(=O)Oc1ccccc1C(=O)O,CC(=O)Oc1ccccc1C(=O)O
"3,3-dimethylbutan-2-one",CC(=O)C(C)(C)C,CC(=O)C(C)(C)C
methyl methanesulfonate,COS(=O)(=O)C,COS(=O)(=O)C
4-ethylpyridine,CCc1ccncc1,CCc1ccncc1
N-isopropylpropan-2-amine,CC(C)NC(C)C,CC(C)NC(C)C
"2,7-dichlorodibenzo-p-dioxin",c1cc2c(cc1Cl)Oc3ccc(cc3O2)Cl,c1cc2c(cc1Cl)Oc3ccc(cc3O2)Cl
heptan-1-amine,CCCCCCCN,CCCCCCCN
methylcyclopentane,CC1CCCC1,CC1CCCC1
propane,CCC,CCC
2-methyltetrahydrofuran,C[C@H]1CCCO1,C[C@H]1CCCO1
naphthalen-1-yl N-methylcarbamate,CNC(=O)Oc1cccc2c1cccc2,CNC(=O)Oc1cccc2c1cccc2
3-hydroxybenzaldehyde,c1cc(cc(c1)O)C=O,c1cc(cc(c1)O)C=O
anthracene,c1ccc2cc3ccccc3cc2c1,c1ccc2cc3ccccc3cc2c1
dichloromethane,C(Cl)Cl,C(Cl)Cl
"methyl 2,2-dimethylpropanoate",CC(C)(C)C(=O)OC,CC(C)(C)C(=O)OC
trichloro(nitro)methane,C([N+](=O)[O-])(Cl)(Cl)Cl,C([N+](=O)[O-])(Cl)(Cl)Cl
sulfolane,C1CC[S+2](C1)([O-])[O-],C1CC[S+2](C1)([O-])[O-]
"2,6-dimethylphenol",Cc1cccc(c1O)C,Cc1cccc(c1O)C
m-cresol,Cc1cccc(c1)O,Cc1cccc(c1)O
"1-amino-4-hydroxy-9,10-anthracenedione",c1ccc2c(c1)C(=O)c3c(ccc(c3C2=O)O)N,c1ccc2c(c1)C(=O)c3c(ccc(c3C2=O)O)N
"1,4-diamino-9,10-anthracenedione",c1ccc2c(c1)C(=O)c3c(ccc(c3C2=O)N)N,c1ccc2c(c1)C(=O)c3c(ccc(c3C2=O)N)N
nonan-2-one,CCCCCCCC(=O)C,CCCCCCCC(=O)C
butan-1-amine,CCCCN,CCCCN
ethyl butanoate,CCCC(=O)OCC,CCCC(=O)OCC
4-methylaniline,Cc1ccc(cc1)N,Cc1ccc(cc1)N
1-iodohexane,CCCCCCI,CCCCCCI
"1,1,2-trichloro-1,2,2-trifluoro-ethane",C(C(F)(Cl)Cl)(F)(F)Cl,C(C(F)(Cl)Cl)(F)(F)Cl
trimethyl phosphate,COP(=O)(OC)OC,COP(=O)(OC)OC
"1,3-dichlorobenzene",c1cc(cc(c1)Cl)Cl,c1cc(cc(c1)Cl)Cl
"1,3-dimethylnaphthalene",Cc1cc(c2ccccc2c1)C,Cc1cc(c2ccccc2c1)C
isohexane,CCCC(C)C,CCCC(C)C
chlorpyrifos,CCOP(=S)(OCC)Oc1c(cc(c(n1)Cl)Cl)Cl,CCOP(=S)(OCC)Oc1c(cc(c(n1)Cl)Cl)Cl
"2-chloro-1,1,1-trifluoro-ethane",C(C(F)(F)F)Cl,C(C(F)(F)F)Cl
ethylene,C=C,C=C
1-iodopentane,CCCCCI,CCCCCI
trimethoxymethane,COC(OC)OC,COC(OC)OC
decane,CCCCCCCCCC,CCCCCCCCCC
"1,2-dinitroxypropane",C[C@@H](CO[N+](=O)[O-])O[N+](=O)[O-],C[C@@H](CO[N+](=O)[O-])O[N+](=O)[O-]
prop-1-ene,CC=C,CC=C
3-methyl-1H-indole,Cc1c[nH]c2c1cccc2,Cc1c[nH]c2c1cccc2
"(1R)-2,2,2-trichloro-1-dimethoxyphosphoryl-ethanol",COP(=O)([C@H](C(Cl)(Cl)Cl)O)OC,COP(=O)([C@H](C(Cl)(Cl)Cl)O)OC
cyclohexane,C1CCCCC1,C1CCCCC1
"(2E)-3,7-dimethylocta-2,6-dien-1-ol",CC(=CCC/C(=C/CO)/C)C,CC(=CCC/C(=C/CO)/C)C
cumene,CC(C)c1ccccc1,CC(C)c1ccccc1
"2,3,4-trimethylpentane",CC(C)C(C)C(C)C,CC(C)C(C)C(C)C
3-methylbutan-2-one,CC(C)C(=O)C,CC(C)C(=O)C
N-butylbutan-1-amine,CCCCNCCCC,CCCCNCCCC
butane-1-thiol,CCCCS,CCCCS
"1,2,3,4-tetrachlorodibenzo-p-dioxin",c1ccc2c(c1)Oc3c(c(c(c(c3Cl)Cl)Cl)Cl)O2,c1ccc2c(c1)Oc3c(c(c(c(c3Cl)Cl)Cl)Cl)O2
"2,6-dichlorosyringaldehyde",COc1c(c(c(c(c1Cl)C=O)Cl)OC)O,COc1c(c(c(c(c1Cl)C=O)Cl)OC)O
cyclohexanamine,C1CCC(CC1)N,C1CCC(CC1)N
chloro-difluoro-methane,C(F)(F)Cl,C(F)(F)Cl
methyl 4-nitrobenzoate,COC(=O)c1ccc(cc1)[N+](=O)[O-],COC(=O)c1ccc(cc1)[N+](=O)[O-]
1-(3-pyridyl)ethanone,CC(=O)c1cccnc1,CC(=O)c1cccnc1
prop-1-yne,CC#C,CC#C
nonanal,CCCCCCCCC=O,CCCCCCCCC=O
propionic acid,CCC(=O)O,CCC(=O)O
chloroform,C(Cl)(Cl)Cl,C(Cl)(Cl)Cl
"1,2,3-trimethylbenzene",Cc1cccc(c1C)C,Cc1cccc(c1C)C
methane,C,C
benzyl chloride,c1ccc(cc1)CCl,c1ccc(cc1)CCl
methylcyclohexane,CC1CCCCC1,CC1CCCCC1
2-methylthiophene,Cc1cccs1,Cc1cccs1
pyridine,c1ccncc1,c1ccncc1
1-chlorobutane,CCCCCl,CCCCCl
"2,5-dimethyltetrahydrofuran",C[C@H]1CC[C@@H](O1)C,C[C@H]1CC[C@@H](O1)C
4-methyl-2-methoxyphenol,Cc1ccc(c(c1)OC)O,Cc1ccc(c(c1)OC)O
chlordane,C1[C@H]([C@@H]2[C@H]([C@H]1Cl)[C@]3(C(=C([C@@]2(C3(Cl)Cl)Cl)Cl)Cl)Cl)Cl,C1[C@H]([C@@H]2[C@H]([C@H]1Cl)[C@]3(C(=C([C@@]2(C3(Cl)Cl)Cl)Cl)Cl)Cl)Cl
toluene,Cc1ccccc1,Cc1ccccc1
isobutyl formate,CC(C)COC=O,CC(C)COC=O
ethyl paraben,CCOC(=O)c1ccc(cc1)O,CCOC(=O)c1ccc(cc1)O
"1,2-diethoxyethane",CCOCCOCC,CCOCCOCC
pentyl propanoate,CCCCCOC(=O)CC,CCCCCOC(=O)CC
4-propylphenol,CCCc1ccc(cc1)O,CCCc1ccc(cc1)O
2-methylbut-2-ene,CC=C(C)C,CC=C(C)C
"1,2-dichloroethane",C(CCl)Cl,C(CCl)Cl
"3,3-dimethylpentane",CCC(C)(C)CC,CCC(C)(C)CC
"2,3-dimethylnaphthalene",Cc1cc2ccccc2cc1C,Cc1cc2ccccc2cc1C
"2,6-dimethylpyridine",Cc1cccc(n1)C,Cc1cccc(n1)C
"2,2-dichloro-1,1-difluoro-1-methoxy-ethane",COC(C(Cl)Cl)(F)F,COC(C(Cl)Cl)(F)F
2-ethoxyethyl acetate,CCOCCOC(=O)C,CCOCCOC(=O)C
3-methoxyaniline,COc1cccc(c1)N,COc1cccc(c1)N
pyridine-3-carbaldehyde,c1cc(cnc1)C=O,c1cc(cnc1)C=O
2-methylbutan-2-ol,CCC(C)(C)O,CCC(C)(C)O
alachlor,CCc1cccc(c1N(COC)C(=O)CCl)CC,CCc1cccc(c1N(COC)C(=O)CCl)CC
1-methylpyrrole,Cn1cccc1,Cn1cccc1
dimethoxymethane,COCOC,COCOC
pentan-3-ol,CCC(CC)O,CCC(CC)O
undecan-2-one,CCCCCCCCCC(=O)C,CCCCCCCCCC(=O)C
1-bromo-2-chloro-ethane,C(CBr)Cl,C(CBr)Cl
iodobenzene,c1ccc(cc1)I,c1ccc(cc1)I
"3,5,5-trimethylcyclohex-2-en-1-one",CC1=CC(=O)CC(C1)(C)C,CC1=CC(=O)CC(C1)(C)C
iodoethane,CCI,CCI
4-propylguaiacol,CCCc1ccc(c(c1)OC)O,CCCc1ccc(c(c1)OC)O
2-bromopropane,CC(C)Br,CC(C)Br
1-bromo-4-methyl-benzene,Cc1ccc(cc1)Br,Cc1ccc(cc1)Br
4-hydroxybenzonitrile,c1cc(ccc1C#N)O,c1cc(ccc1C#N)O
methylsulfonylmethane,CS(=O)(=O)C,CS(=O)(=O)C
3-ethylphenol,CCc1cccc(c1)O,CCc1cccc(c1)O
"(1S,5R)-2-methyl-5-(1-methylethenyl)-2-cyclohexen-1-ol",CC1=CC[C@H](C[C@@H]1O)C(=C)C,CC1=CC[C@H](C[C@@H]1O)C(=C)C
"1,4-dibromobenzene",c1cc(ccc1Br)Br,c1cc(ccc1Br)Br
dicamba,COc1c(ccc(c1C(=O)O)Cl)Cl,COc1c(ccc(c1C(=O)O)Cl)Cl
pent-2-ene,CC/C=C\C,CC/C=C\C
ethane,CC,CC
"1,2-dimethoxybenzene",COc1ccccc1OC,COc1ccccc1OC
ethylsulfanylethane,CCSCC,CCSCC
pyridine-3-carbonitrile,c1cc(cnc1)C#N,c1cc(cnc1)C#N
"3,4-dichlorophenol",c1cc(c(cc1O)Cl)Cl,c1cc(c(cc1O)Cl)Cl
anisole,COc1ccccc1,COc1ccccc1
"2,5-dimethylphenol",Cc1ccc(c(c1)O)C,Cc1ccc(c(c1)O)C
"1,4-dichlorobenzene",c1cc(ccc1Cl)Cl,c1cc(ccc1Cl)Cl
chloro-fluoro-methane,C(F)Cl,C(F)Cl
pent-1-ene,CCCC=C,CCCC=C
"1,2,3,4-tetrachlorobenzene",c1cc(c(c(c1Cl)Cl)Cl)Cl,c1cc(c(c(c1Cl)Cl)Cl)Cl
hept-1-yne,CCCCCC#C,CCCCCC#C
decan-2-one,CCCCCCCCC(=O)C,CCCCCCCCC(=O)C
chlorobenzene,c1ccc(cc1)Cl,c1ccc(cc1)Cl
[2-benzhydryloxyethyl]-dimethyl-amine,CN(C)CCOC(c1ccccc1)c2ccccc2,CN(C)CCOC(c1ccccc1)c2ccccc2
pentanal,CCCCC=O,CCCCC=O
diphenyl ether,c1ccc(cc1)Oc2ccccc2,c1ccc(cc1)Oc2ccccc2
cyclohexanone,C1CCC(=O)CC1,C1CCC(=O)CC1
1-nitrobutane,CCCC[N+](=O)[O-],CCCC[N+](=O)[O-]
pyridine-4-carbaldehyde,c1cnccc1C=O,c1cnccc1C=O
1-chloro-2-(2-chloroethoxy)ethane,C(CCl)OCCCl,C(CCl)OCCCl
1-nitroethane,CC[N+](=O)[O-],CC[N+](=O)[O-]
3-chloropyridine,c1cc(cnc1)Cl,c1cc(cnc1)Cl
bromomethane,CBr,CBr
methanol,CO,CO
heptanal,CCCCCCC=O,CCCCCCC=O
"1,3-dichloro-2-(2,6-dichlorophenyl)benzene",c1cc(c(c(c1)Cl)c2c(cccc2Cl)Cl)Cl,c1cc(c(c(c1)Cl)c2c(cccc2Cl)Cl)Cl
2-nitroaniline,c1ccc(c(c1)N)[N+](=O)[O-],c1ccc(c(c1)N)[N+](=O)[O-]
1-methylpiperidine,CN1CCCCC1,CN1CCCCC1
octanal,CCCCCCCC=O,CCCCCCCC=O
nitrobenzene,c1ccc(cc1)[N+](=O)[O-],c1ccc(cc1)[N+](=O)[O-]
"(2S,5R)-2-isopropyl-5-methylcyclohexanone",C[C@@H]1CC[C@H](C(=O)C1)C(C)C,C[C@@H]1CC[C@H](C(=O)C1)C(C)C
"(2R,3R,4S,5S,6R)-6-(hydroxymethyl)tetrahydropyran-2,3,4,5-tetrol",C([C@@H]1[C@H]([C@@H]([C@H]([C@@H](O1)O)O)O)O)O,C([C@@H]1[C@H]([C@@H]([C@H]([C@@H](O1)O)O)O)O)O
fluoromethane,CF,CF
methylsulfinylmethane,CS(=O)C,CS(=O)C
dibenzo-p-dioxin,c1ccc2c(c1)Oc3ccccc3O2,c1ccc2c(c1)Oc3ccccc3O2
2-methylaniline,Cc1ccccc1N,Cc1ccccc1N
1-bromobutane,CCCCBr,CCCCBr
nonan-1-ol,CCCCCCCCCO,CCCCCCCCCO
4-methylpyridine,Cc1ccncc1,Cc1ccncc1
"1,1,2,2-tetrachloroethylene",C(=C(Cl)Cl)(Cl)Cl,C(=C(Cl)Cl)(Cl)Cl
2-bromo-2-methyl-propane,CC(C)(C)Br,CC(C)(C)Br
"1,1-diphenylethene",C=C(c1ccccc1)c2ccccc2,C=C(c1ccccc1)c2ccccc2
1-ethyl-4-methyl-benzene,CCc1ccc(cc1)C,CCc1ccc(cc1)C
3-methylpyridine,Cc1cccnc1,Cc1cccnc1
"1,1,1,2-tetramethoxyethane",COCC(OC)(OC)OC,COCC(OC)(OC)OC
9H-fluorene,c1ccc-2c(c1)Cc3c2cccc3,c1ccc-2c(c1)Cc3c2cccc3
acetamide,CC(=O)N,CC(=O)N
dimethyl sulfate,COS(=O)(=O)OC,COS(=O)(=O)OC
"1,1,2,2-tetrachloroethane",C(C(Cl)Cl)(Cl)Cl,C(C(Cl)Cl)(Cl)Cl
methyl cyclohexanecarboxylate,COC(=O)C1CCCCC1,COC(=O)C1CCCCC1
1-bromohexane,CCCCCCBr,CCCCCCBr
1-bromoheptane,CCCCCCCBr,CCCCCCCBr
1-chlorodibenzo-p-dioxin,c1ccc2c(c1)Oc3cccc(c3O2)Cl,c1ccc2c(c1)Oc3cccc(c3O2)Cl
"3,3,3-trimethoxypropanenitrile",COC(CC#N)(OC)OC,COC(CC#N)(OC)OC
2-chlorobutane,CC[C@H](C)Cl,CC[C@H](C)Cl
hexylbenzene,CCCCCCc1ccccc1,CCCCCCc1ccccc1
2-chlorosyringaldehyde,COc1cc(c(c(c1O)OC)Cl)C=O,COc1cc(c(c(c1O)OC)Cl)C=O
m-bis(trifluoromethyl)benzene,c1cc(cc(c1)C(F)(F)F)C(F)(F)F,c1cc(cc(c1)C(F)(F)F)C(F)(F)F
1-benzylimidazole,c1ccc(cc1)Cn2ccnc2,c1ccc(cc1)Cn2ccnc2
naphthalen-1-amine,c1ccc2c(c1)cccc2N,c1ccc2c(c1)cccc2N
diethyl propanedioate,CCOC(=O)CC(=O)OCC,CCOC(=O)CC(=O)OCC
1-cyclopropylethanone,CC(=O)C1CC1,CC(=O)C1CC1
pyrrole,c1cc[nH]c1,c1cc[nH]c1
diflunisal,c1cc(c(cc1c2ccc(cc2F)F)C(=O)O)O,c1cc(c(cc1c2ccc(cc2F)F)C(=O)O)O
"1,4-dimethylcyclohexane",CC1CCC(CC1)C,CC1CCC(CC1)C
cyclohexanol,C1CCC(CC1)O,C1CCC(CC1)O
Amitriptyline,CN(C)CCC=C1c2ccccc2CCc3c1cccc3,CN(C)CCC=C1c2ccccc2CCc3c1cccc3
4-fluorophenol,c1cc(ccc1O)F,c1cc(ccc1O)F
2-chloroaniline,c1ccc(c(c1)N)Cl,c1ccc(c(c1)N)Cl
"1,2,4-trimethylbenzene",Cc1ccc(c(c1)C)C,Cc1ccc(c(c1)C)C
1-ethyl-2-methylbenzene,CCc1ccccc1C,CCc1ccccc1C
"(2R,5R)-2-methyl-5-(1-methylethenyl)-cyclohexanone",C[C@@H]1CC[C@H](CC1=O)C(=C)C,C[C@@H]1CC[C@H](CC1=O)C(=C)C
biphenyl,c1ccc(cc1)c2ccccc2,c1ccc(cc1)c2ccccc2
"2,3-dimethylphenol",Cc1cccc(c1C)O,Cc1cccc(c1C)O
methylparathion,COP(=S)(OC)Oc1ccc(cc1)[N+](=O)[O-],COP(=S)(OC)Oc1ccc(cc1)[N+](=O)[O-]
diethoxy-(4-nitrophenoxy)-thioxo-$l^{5}-phosphane,CCOP(=S)(OCC)Oc1ccc(cc1)[N+](=O)[O-],CCOP(=S)(OCC)Oc1ccc(cc1)[N+](=O)[O-]
"1-N,1-N-diethyl-2,6-dinitro-4-(trifluoromethyl)benzene-1,3-diamine",CCN(CC)c1c(cc(c(c1[N+](=O)[O-])N)C(F)(F)F)[N+](=O)[O-],CCN(CC)c1c(cc(c(c1[N+](=O)[O-])N)C(F)(F)F)[N+](=O)[O-]
methylsulfanylmethane,CSC,CSC
ketoprofen,C[C@@H](c1cccc(c1)C(=O)c2ccccc2)C(=O)O,C[C@@H](c1cccc(c1)C(=O)c2ccccc2)C(=O)O
cyclopentanol,C1CCC(C1)O,C1CCC(C1)O
methyl pentanoate,CCCCC(=O)OC,CCCCC(=O)OC
2-methylpent-1-ene,CCCC(=C)C,CCCC(=C)C
flurbiprofen,C[C@@H](c1ccc(c(c1)F)c2ccccc2)C(=O)O,C[C@@H](c1ccc(c(c1)F)c2ccccc2)C(=O)O
nitralin,CCCN(CCC)c1c(cc(cc1[N+](=O)[O-])S(=O)(=O)C)[N+](=O)[O-],CCCN(CCC)c1c(cc(cc1[N+](=O)[O-])S(=O)(=O)C)[N+](=O)[O-]
chloroethylene,C=CCl,C=CCl
"N,N-4-trimethylbenzamide",Cc1ccc(cc1)C(=O)N(C)C,Cc1ccc(cc1)C(=O)N(C)C
heptan-4-one,CCCC(=O)CCC,CCCC(=O)CCC
methyl benzoate,COC(=O)c1ccccc1,COC(=O)c1ccccc1
4-methylbenzaldehyde,Cc1ccc(cc1)C=O,Cc1ccc(cc1)C=O
propyl butanoate,CCCC(=O)OCCC,CCCC(=O)OCCC
piperazine,C1CNCCN1,C1CNCCN1
dialifor,CCOP(=S)(OCC)S[C@@H](CCl)N1C(=O)c2ccccc2C1=O,CCOP(=S)(OCC)S[C@@H](CCl)N1C(=O)c2ccccc2C1=O
2-ethoxyethanol,CCOCCO,CCOCCO
3-methylpentane,CCC(C)CC,CCC(C)CC
2-methylpyrazine,Cc1cnccn1,Cc1cnccn1
1-nitropropane,CCC[N+](=O)[O-],CCC[N+](=O)[O-]
mesitylene,Cc1cc(cc(c1)C)C,Cc1cc(cc(c1)C)C
5-fluorouracil,c1c(c(=O)[nH]c(=O)[nH]1)F,c1c(c(=O)[nH]c(=O)[nH]1)F
ethanol,CCO,CCO
"1,4-dimethylnaphthalene",Cc1ccc(c2c1cccc2)C,Cc1ccc(c2c1cccc2)C
"2,3,7,8-tetrachlorodibenzo-p-dioxin",c1c2c(cc(c1Cl)Cl)Oc3cc(c(cc3O2)Cl)Cl,c1c2c(cc(c1Cl)Cl)Oc3cc(c(cc3O2)Cl)Cl
dichlobenil,c1cc(c(c(c1)Cl)C#N)Cl,c1cc(c(c(c1)Cl)C#N)Cl
ethyl formate,CCOC=O,CCOC=O
"1,2,4,5-tetrachlorobenzene",c1c(c(cc(c1Cl)Cl)Cl)Cl,c1c(c(cc(c1Cl)Cl)Cl)Cl
diethoxymethoxybenzene,CCOC(OCC)Oc1ccccc1,CCOC(OCC)Oc1ccccc1
3-nitrophenol,c1cc(cc(c1)O)[N+](=O)[O-],c1cc(cc(c1)O)[N+](=O)[O-]
octan-1-ol,CCCCCCCCO,CCCCCCCCO
but-1-ene,CCC=C,CCC=C
carbon tetrachloride,C(Cl)(Cl)(Cl)Cl,C(Cl)(Cl)(Cl)Cl
2-phenylethanol,c1ccc(cc1)CCO,c1ccc(cc1)CCO
fenuron,CN(C)C(=O)Nc1ccccc1,CN(C)C(=O)Nc1ccccc1
methyldisulfanylmethane,CSSC,CSSC
captan,C1C=CC[C@@H]2[C@@H]1C(=O)N(C2=O)SC(Cl)(Cl)Cl,C1C=CC[C@@H]2[C@@H]1C(=O)N(C2=O)SC(Cl)(Cl)Cl
"2,3-diacetoxypropyl acetate",CC(=O)OCC(COC(=O)C)OC(=O)C,CC(=O)OCC(COC(=O)C)OC(=O)C
methoxymethane,COC,COC
hexane,CCCCCC,CCCCCC
"1,2-dibromoethane",C(CBr)Br,C(CBr)Br
"1,1,1,2,2-pentachloroethane",C(C(Cl)(Cl)Cl)(Cl)Cl,C(C(Cl)(Cl)Cl)(Cl)Cl
5-trifluoromethyluracil,c1c(c(=O)[nH]c(=O)[nH]1)C(F)(F)F,c1c(c(=O)[nH]c(=O)[nH]1)C(F)(F)F
"2,6-dimethylaniline",Cc1cccc(c1N)C,Cc1cccc(c1N)C
propyl acetate,CCCOC(=O)C,CCCOC(=O)C
quinoline,c1ccc2c(c1)cccn2,c1ccc2c(c1)cccn2
ethanethiol,CCS,CCS
ethyldisulfanylethane,CCSSCC,CCSSCC
thiophene,c1ccsc1,c1ccsc1
1-ethylnaphthalene,CCc1cccc2c1cccc2,CCc1cccc2c1cccc2
pentan-2-one,CCCC(=O)C,CCCC(=O)C
"1,2,3,4-tetrachloro-5-(2,3,4,6-tetrachlorophenyl)benzene",c1c(c(c(c(c1Cl)Cl)Cl)Cl)c2c(cc(c(c2Cl)Cl)Cl)Cl,c1c(c(c(c(c1Cl)Cl)Cl)Cl)c2c(cc(c(c2Cl)Cl)Cl)Cl
profluralin,CCC[N@@](CC1CC1)c2c(cc(cc2[N+](=O)[O-])C(F)(F)F)[N+](=O)[O-],CCC[N@@](CC1CC1)c2c(cc(cc2[N+](=O)[O-])C(F)(F)F)[N+](=O)[O-]
acetic acid,CC(=O)O,CC(=O)O
acetaldehyde,CC=O,CC=O
3-nitroaniline,c1cc(cc(c1)[N+](=O)[O-])N,c1cc(cc(c1)[N+](=O)[O-])N
hex-1-yne,CCCCC#C,CCCCC#C
2-methoxyaniline,COc1ccccc1N,COc1ccccc1N
phenol,c1ccc(cc1)O,c1ccc(cc1)O
propanenitrile,CCC#N,CCC#N
naphthalen-1-ol,c1ccc2c(c1)cccc2O,c1ccc2c(c1)cccc2O
butyl acetate,CCCCOC(=O)C,CCCCOC(=O)C
aldicarb,CC(C)(/C=N\OC(=O)NC)SC,CC(C)(/C=N\OC(=O)NC)SC
o-cresol,Cc1ccccc1O,Cc1ccccc1O
2-methylpropanal,CC(C)C=O,CC(C)C=O
propionamide,CCC(=O)N,CCC(=O)N
1-bromopropane,CCCBr,CCCBr
2-chloropropane,CC(C)Cl,CC(C)Cl
"1,3-dichloropropane",C(CCl)CCl,C(CCl)CCl
4-nitrophenol,c1cc(ccc1[N+](=O)[O-])O,c1cc(ccc1[N+](=O)[O-])O
"1,2-dichloropropane",C[C@@H](CCl)Cl,C[C@@H](CCl)Cl
4-chloroaniline,c1cc(ccc1N)Cl,c1cc(ccc1N)Cl
"1-amino-9,10-anthracenedione",c1ccc2c(c1)C(=O)c3cccc(c3C2=O)N,c1ccc2c(c1)C(=O)c3cccc(c3C2=O)N
"2,3-dimethylpyridine",Cc1cccnc1C,Cc1cccnc1C
pyridine-4-carbonitrile,c1cnccc1C#N,c1cnccc1C#N
diethoxy-(ethylsulfanylmethylsulfanyl)-thioxo-$l^{5}-phosphane,CCOP(=S)(OCC)SCSCC,CCOP(=S)(OCC)SCSCC
1-cyclohexylethanone,CC(=O)C1CCCCC1,CC(=O)C1CCCCC1
2-methylbenzaldehyde,Cc1ccccc1C=O,Cc1ccccc1C=O
1-(4-pyridyl)ethanone,CC(=O)c1ccncc1,CC(=O)c1ccncc1
"1,2,3,4,7,8-hexachlorodibenzo-p-dioxin",c1c2c(cc(c1Cl)Cl)Oc3c(c(c(c(c3Cl)Cl)Cl)Cl)O2,c1c2c(cc(c1Cl)Cl)Oc3c(c(c(c(c3Cl)Cl)Cl)Cl)O2
acetone,CC(=O)C,CC(=O)C
2-methylprop-1-ene,CC(=C)C,CC(=C)C
"1,2,3-trichloro-5-(2,5-dichlorophenyl)benzene",c1cc(c(cc1Cl)c2cc(c(c(c2)Cl)Cl)Cl)Cl,c1cc(c(cc1Cl)c2cc(c(c(c2)Cl)Cl)Cl)Cl
1-nitropentane,CCCCC[N+](=O)[O-],CCCCC[N+](=O)[O-]
(2E)-hex-2-enal,CCC/C=C/C=O,CCC/C=C/C=O
"N,N-dimethyl-4-nitro-benzamide",CN(C)C(=O)c1ccc(cc1)[N+](=O)[O-],CN(C)C(=O)c1ccc(cc1)[N+](=O)[O-]
tetrahydrofuran,C1CCOC1,C1CCOC1
octane,CCCCCCCC,CCCCCCCC
trifluralin,CCCN(CCC)c1c(cc(cc1[N+](=O)[O-])C(F)(F)F)[N+](=O)[O-],CCCN(CCC)c1c(cc(cc1[N+](=O)[O-])C(F)(F)F)[N+](=O)[O-]
"(3R)-3,7-Dimethylocta-1,6-dien-3-yl acetate",CC(=CCC[C@](C)(C=C)OC(=O)C)C,CC(=CCC[C@](C)(C=C)OC(=O)C)C
"1,3-bis-(nitrooxy)butane",C[C@@H](CCO[N+](=O)[O-])O[N+](=O)[O-],C[C@@H](CCO[N+](=O)[O-])O[N+](=O)[O-]
2-isopropoxypropane,CC(C)OC(C)C,CC(C)OC(C)C
2-methylhexane,CCCCC(C)C,CCCCC(C)C
pentachloronitrobenzene,c1(c(c(c(c(c1Cl)Cl)Cl)Cl)Cl)N(=O)=O,c1(c(c(c(c(c1Cl)Cl)Cl)Cl)Cl)N(=O)=O
"2-bromo-2-chloro-1,1,1-trifluoro-ethane",[C@@H](C(F)(F)F)(Cl)Br,[C@@H](C(F)(F)F)(Cl)Br
1-butoxybutane,CCCCOCCCC,CCCCOCCCC
pentylcyclopentane,CCCCCC1CCCC1,CCCCCC1CCCC1
"2,4-dimethylpentane",CC(C)CC(C)C,CC(C)CC(C)C
"2,5-dimethylpyridine",Cc1ccc(nc1)C,Cc1ccc(nc1)C
but-2-enal,C/C=C/C=O,C/C=C/C=O
3-methylhexane,CCC[C@H](C)CC,CCC[C@H](C)CC
"1,3,5-trichloro-2-(2,6-dichlorophenyl)benzene",c1cc(c(c(c1)Cl)c2c(cc(cc2Cl)Cl)Cl)Cl,c1cc(c(c(c1)Cl)c2c(cc(cc2Cl)Cl)Cl)Cl
"1,2,2-trifluoroethoxybenzene",c1ccc(cc1)O[C@@H](C(F)F)F,c1ccc(cc1)O[C@@H](C(F)F)F
"1,2-dimethoxyethane",COCCOC,COCCOC
sec-butylbenzene,CC[C@H](C)c1ccccc1,CC[C@H](C)c1ccccc1
3-phenylpropan-1-ol,c1ccc(cc1)CCCO,c1ccc(cc1)CCCO
"2-[(1R)-1-methylpropyl]-4,6-dinitro-phenolate",CC[C@@H](C)c1cc(cc(c1O)[N+](=O)[O-])[N+](=O)[O-],CC[C@@H](C)c1cc(cc(c1O)[N+](=O)[O-])[N+](=O)[O-]
methyl 4-methoxybenzoate,COc1ccc(cc1)C(=O)OC,COc1ccc(cc1)C(=O)OC
"N-(3,4-dichlorophenyl)propanimidic acid",CCC(=O)Nc1ccc(c(c1)Cl)Cl,CCC(=O)Nc1ccc(c(c1)Cl)Cl
naproxen,C[C@@H](c1ccc2cc(ccc2c1)OC)C(=O)O,C[C@@H](c1ccc2cc(ccc2c1)OC)C(=O)O
octafluorocyclobutane,C1(C(C(C1(F)F)(F)F)(F)F)(F)F,C1(C(C(C1(F)F)(F)F)(F)F)(F)F
isopentyl acetate,CC(C)CCOC(=O)C,CC(C)CCOC(=O)C
1-chlorohexane,CCCCCCCl,CCCCCCCl
4-methylpentan-2-one,CC(C)CC(=O)C,CC(C)CC(=O)C
hexanal,CCCCCC=O,CCCCCC=O
3-chloroaniline,c1cc(cc(c1)Cl)N,c1cc(cc(c1)Cl)N
morpholine,C1COCCN1,C1COCCN1
"1,1-diethoxyethane",CCOC(C)OCC,CCOC(C)OCC
"N-butyl-N-ethyl-2,6-dinitro-4-(trifluoromethyl)aniline",CCCC[N@](CC)c1c(cc(cc1[N+](=O)[O-])C(F)(F)F)[N+](=O)[O-],CCCC[N@](CC)c1c(cc(cc1[N+](=O)[O-])C(F)(F)F)[N+](=O)[O-]
methanethiol,CS,CS
endosulfan alpha,C1[C@@H]2[C@H](COS(=O)O1)[C@@]3(C(=C([C@]2(C3(Cl)Cl)Cl)Cl)Cl)Cl,C1[C@@H]2[C@H](COS(=O)O1)[C@@]3(C(=C([C@]2(C3(Cl)Cl)Cl)Cl)Cl)Cl
1-(4-methoxyphenyl)ethanone,CC(=O)c1ccc(cc1)OC,CC(=O)c1ccc(cc1)OC
prop-2-en-1-ol,C=CCO,C=CCO
methylsulfanylethane,CCSC,CCSC
pentyl acetate,CCCCCOC(=O)C,CCCCCOC(=O)C
"1,2,3,5-tetrachlorobenzene",c1c(cc(c(c1Cl)Cl)Cl)Cl,c1c(cc(c(c1Cl)Cl)Cl)Cl
1-phenylethanone,CC(=O)c1ccccc1,CC(=O)c1ccccc1
chloroethane,CCCl,CCCl
propylcyclopentane,CCCC1CCCC1,CCCC1CCCC1
"1,3,5-trichlorobenzene",c1c(cc(cc1Cl)Cl)Cl,c1c(cc(cc1Cl)Cl)Cl
propyl paraben,CCCOC(=O)c1ccc(cc1)O,CCCOC(=O)c1ccc(cc1)O
3-chlorophenol,c1cc(cc(c1)Cl)O,c1cc(cc(c1)Cl)O
3-methylbutan-1-ol,CC(C)CCO,CC(C)CCO
pentan-1-amine,CCCCCN,CCCCCN
terbacil,Cc1c(c(=O)n(c(=O)[nH]1)C(C)(C)C)Cl,Cc1c(c(=O)n(c(=O)[nH]1)C(C)(C)C)Cl
"2,2,5-trimethylhexane",CC(C)CCC(C)(C)C,CC(C)CCC(C)(C)C
2-butoxyethanol,CCCCOCCO,CCCCOCCO
endrin,C1[C@@H]2[C@H]3[C@@H]([C@H]1[C@H]4[C@@H]2O4)[C@@]5(C(=C([C@]3(C5(Cl)Cl)Cl)Cl)Cl)Cl,C1[C@@H]2[C@H]3[C@@H]([C@H]1[C@H]4[C@@H]2O4)[C@@]5(C(=C([C@]3(C5(Cl)Cl)Cl)Cl)Cl)Cl
benzamide,c1ccc(cc1)C(=O)N,c1ccc(cc1)C(=O)N
2-nitropropane,CC(C)[N+](=O)[O-],CC(C)[N+](=O)[O-]
glycerol,C(C(CO)O)O,C(C(CO)O)O
1-iodopropane,CCCI,CCCI
2-methoxyethanamine,COCCN,COCCN
"1,1,1,2-tetrachloroethane",C(C(Cl)(Cl)Cl)Cl,C(C(Cl)(Cl)Cl)Cl
methyl propanoate,CCC(=O)OC,CCC(=O)OC
cyclopentane,C1CCCC1,C1CCCC1
3-ethylpyridine,CCc1cccnc1,CCc1cccnc1
"3,5-dimethylpyridine",Cc1cc(cnc1)C,Cc1cc(cnc1)C
2-methoxyethanol,COCCO,COCCO
methyl formate,COC=O,COC=O
naphthalen-2-amine,c1ccc2cc(ccc2c1)N,c1ccc2cc(ccc2c1)N
4-methyl-1H-imidazole,Cc1c[nH]cn1,Cc1c[nH]cn1
1-methyl-3-nitro-benzene,Cc1cccc(c1)[N+](=O)[O-],Cc1cccc(c1)[N+](=O)[O-]
"1,4-dichlorobutane",C(CCCl)CCl,C(CCCl)CCl
nitroxyacetone,CC(=O)CO[N+](=O)[O-],CC(=O)CO[N+](=O)[O-]
tert-butylbenzene,CC(C)(C)c1ccccc1,CC(C)(C)c1ccccc1
methyl hexanoate,CCCCCC(=O)OC,CCCCCC(=O)OC
"1,1,1-trifluoropropan-2-ol",C[C@@H](C(F)(F)F)O,C[C@@H](C(F)(F)F)O
1-bromo-pentane,CCCCCBr,CCCCCBr
oct-1-ene,CCCCCCC=C,CCCCCCC=C
6-isopropyl-3-methyl-1-cyclohex-2-enone,CC1=CC(=O)[C@@H](CC1)C(C)C,CC1=CC(=O)[C@@H](CC1)C(C)C
propan-2-ol,CC(C)O,CC(C)O
hexan-1-amine,CCCCCCN,CCCCCCN
3-nitrooxypropyl nitrate,C(CO[N+](=O)[O-])CO[N+](=O)[O-],C(CO[N+](=O)[O-])CO[N+](=O)[O-]
"2,4-dimethylphenol",Cc1ccc(c(c1)C)O,Cc1ccc(c(c1)C)O
pentan-1-ol,CCCCCO,CCCCCO
pentan-2-ol,CCC[C@@H](C)O,CCC[C@@H](C)O
3-methylheptane,CCCC[C@@H](C)CC,CCCC[C@@H](C)CC
ibuprofen,C[C@@H](c1ccc(cc1)CC(C)C)C(=O)O,C[C@@H](c1ccc(cc1)CC(C)C)C(=O)O
diethyl (2R)-2-dimethoxyphosphinothioylsulfanylbutanedioate,CCOC(=O)C[C@H](C(=O)OCC)SP(=S)(OC)OC,CCOC(=O)C[C@H](C(=O)OCC)SP(=S)(OC)OC
"3,4-dimethylphenol",Cc1ccc(cc1C)O,Cc1ccc(cc1C)O
4-chloro-3-methyl-phenol,Cc1cc(ccc1Cl)O,Cc1cc(ccc1Cl)O
hept-2-ene,CCCC/C=C/C,CCCC/C=C/C
1-propoxypropane,CCCOCCC,CCCOCCC
"(1R,2S,5R)-2-isopropyl-5-methylcyclohexanol",C[C@@H]1CC[C@H]([C@@H](C1)O)C(C)C,C[C@@H]1CC[C@H]([C@@H](C1)O)C(C)C
terbutryn,CCNc1nc(nc(n1)SC)NC(C)(C)C,CCNc1nc(nc(n1)SC)NC(C)(C)C
"2,2,4-trimethylpentane",CC(C)CC(C)(C)C,CC(C)CC(C)(C)C
nonan-5-one,CCCCC(=O)CCCC,CCCCC(=O)CCCC
pebulate,CCCCN(CC)C(=O)SCCC,CCCCN(CC)C(=O)SCCC
hept-1-ene,CCCCCC=C,CCCCCC=C
isopropyl formate,CC(C)OC=O,CC(C)OC=O
1-acetoxyethyl acetate,CC(OC(=O)C)OC(=O)C,CC(OC(=O)C)OC(=O)C
5-chlorouracil,c1c(c(=O)[nH]c(=O)[nH]1)Cl,c1c(c(=O)[nH]c(=O)[nH]1)Cl
isopropenylbenzene,CC(=C)c1ccccc1,CC(=C)c1ccccc1
isopentane,CCC(C)C,CCC(C)C
butyl nitrate,CCCCO[N+](=O)[O-],CCCCO[N+](=O)[O-]
bromobenzene,c1ccc(cc1)Br,c1ccc(cc1)Br
"1,1,1-trichloroethane",CC(Cl)(Cl)Cl,CC(Cl)(Cl)Cl
4-(1-Methylethenyl)-1-cyclohexene-1-carboxaldehyde,CC(=C)[C@H]1CCC(=CC1)C=O,CC(=C)[C@H]1CCC(=CC1)C=O
1-methyl-2-nitro-benzene,Cc1ccccc1[N+](=O)[O-],Cc1ccccc1[N+](=O)[O-]
1-iodoheptane,CCCCCCCI,CCCCCCCI
pyrene,c1cc2ccc3cccc4c3c2c(c1)cc4,c1cc2ccc3cccc4c3c2c(c1)cc4
1-chloro-pentane,CCCCCCl,CCCCCCl
isobutyl acetate,CC(C)COC(=O)C,CC(C)COC(=O)C
"2,2-dimethylbutane",CCC(C)(C)C,CCC(C)(C)C
4-nitroaniline,c1cc(ccc1N)N(=O)=O,c1cc(ccc1N)N(=O)=O
methyl 2-cyanoacetate,COC(=O)CC#N,COC(=O)CC#N
4-methoxyaniline,COc1ccc(cc1)N,COc1ccc(cc1)N
isobutylbenzene,CC(C)Cc1ccccc1,CC(C)Cc1ccccc1
"1,3,5-trichloro-2-phenyl-benzene",c1ccc(cc1)c2c(cc(cc2Cl)Cl)Cl,c1ccc(cc1)c2c(cc(cc2Cl)Cl)Cl
methanamine,CN,CN
2-chlorophenol,c1ccc(c(c1)O)Cl,c1ccc(c(c1)O)Cl
"2-amino-9,10-anthraquinone",c1ccc2c(c1)C(=O)c3ccc(cc3C2=O)N,c1ccc2c(c1)C(=O)c3ccc(cc3C2=O)N
"(Z)-1,2-dichloroethylene",C(=C\Cl)\Cl,C(=C\Cl)\Cl
hexan-2-one,CCCCC(=O)C,CCCCC(=O)C
"1,2-dinitroxyethane",C(CO[N+](=O)[O-])O[N+](=O)[O-],C(CO[N+](=O)[O-])O[N+](=O)[O-]
2-fluorophenol,c1ccc(c(c1)O)F,c1ccc(c(c1)O)F
pirimor,Cc1c(nc(nc1OC(=O)N(C)C)N(C)C)C,Cc1c(nc(nc1OC(=O)N(C)C)N(C)C)C
styrene,C=Cc1ccccc1,C=Cc1ccccc1
triethylphosphate,CCOP(=O)(OCC)OCC,CCOP(=O)(OCC)OCC
"2,2,2-trifluoroethanol",C(C(F)(F)F)O,C(C(F)(F)F)O
1-butoxy-2-propanol,CCCCOC[C@H](C)O,CCCCOC[C@H](C)O
propan-1-ol,CCCO,CCCO
o-xylene,Cc1ccccc1C,Cc1ccccc1C
neopentane,CC(C)(C)C,CC(C)(C)C
pent-1-yne,CCCC#C,CCCC#C
phthalimide,c1ccc2c(c1)C(=O)NC2=O,c1ccc2c(c1)C(=O)NC2=O
1-iodobutane,CCCCI,CCCCI
p-cresol,Cc1ccc(cc1)O,Cc1ccc(cc1)O
2-iodopropane,CC(C)I,CC(C)I
2-methoxyphenol,COc1ccccc1O,COc1ccccc1O
cyclopentene,C1CC=CC1,C1CC=CC1
111-trifluoropropan-2-ol,C[C@H](C(F)(F)F)O,C[C@H](C(F)(F)F)O
propan-1-amine,CCCN,CCCN
2-nitrophenol,c1ccc(c(c1)[N+](=O)[O-])O,c1ccc(c(c1)[N+](=O)[O-])O
1-methylnaphthalene,Cc1cccc2c1cccc2,Cc1cccc2c1cccc2
hexachlorobenzene,c1(c(c(c(c(c1Cl)Cl)Cl)Cl)Cl)Cl,c1(c(c(c(c(c1Cl)Cl)Cl)Cl)Cl)Cl
oct-2-enal,CCCCC/C=C/C=O,CCCCC/C=C/C=O
oct-1-yne,CCCCCCC#C,CCCCCCC#C
diazinon,CCOP(=S)(OCC)Oc1cc(nc(n1)C(C)C)C,CCOP(=S)(OCC)Oc1cc(nc(n1)C(C)C)C
methyl octanoate,CCCCCCCC(=O)OC,CCCCCCCC(=O)OC
pyrrolidine,C1CCNC1,C1CCNC1
4-hydroxybenzaldehyde,c1cc(ccc1C=O)O,c1cc(ccc1C=O)O
1-chloroheptane,CCCCCCCCl,CCCCCCCCl
"1,4-dioxane",C1COCCO1,C1COCCO1
